day,temp_record_min,temp_record_max,temp_average_min,temp_average_max,temp_median,temp_mean,temp_p25,temp_p75,temp_st_dev,temp_num,pressure_min,pressure_max,pressure_median,pressure_mean,pressure_p25,pressure_p75,pressure_st_dev,pressure_num,humidity_min,humidity_max,humidity_median,humidity_mean,humidity_p25,humidity_p75,humidity_st_dev,humidity_num,wind_min,wind_max,wind_median,wind_mean,wind_p25,wind_p75,wind_st_dev,wind_num,precipitation_min,precipitation_max,precipitation_median,precipitation_mean,precipitation_p25,precipitation_p75,precipitation_st_dev,precipitation_num,clouds_min,clouds_max,clouds_median,clouds_mean,clouds_p25,clouds_p75,clouds_st_dev,clouds_num
2,261.86,283.54,271.2,278.33,274.97,273.95,272.16,276.33,4.48,216,983,1033,1018,1019.24,1013,1025,7.23,216,36,100,64,66.83,55,80.5,15.49,216,0.51,9.8,3.6,3.85,2.6,4.91,1.67,216,0,3,0,0.07,0,0,0.27,216,0,90,20,38.55,1,90,39.53,216
3,260.69,280.88,270.18,276.17,274.42,272.83,269.24,277.65,5.8,216,506,1036,1016,1015.06,1011,1023,35.76,214,32,100,80,74.06,59,88,17.86,211,0,9.3,3.1,3.51,2.6,4,1.71,216,0,3,0,0.14,0,0.3,0.3,216,0,100,46.5,45.18,1,90,41.48,216
4,258.26,287.7,271.51,277.92,274.71,274.35,269.38,280.22,6.67,216,989,1032,1014.5,1013.04,1006.5,1019,10.09,216,39,100,73,74.11,57,93,18.85,215,0,18,3.25,4.15,2.6,4.82,2.97,216,0,3,0,0.29,0,0.3,0.7,216,0,97,82.5,54.93,1,90,40.78,216
5,260.38,285.69,269.62,277.19,273.5,272.54,268.15,277.06,6.05,216,992,1037,1014,1013.86,1007,1019,10.09,216,21,98,67,65.96,50.5,82,19.26,213,0.51,14.9,5.4,5.79,2.95,7.2,3.25,216,0,3,0,0.12,0,0.3,0.3,216,0,92,40,45.65,1,90,39.45,216
6,259.5,285.08,270.09,276.42,273.66,272.62,268.05,277.32,6.2,216,980,1038,1016,1017.05,1014,1023,9.86,215,18,100,67,65.24,47,81,19.51,210,0,16.5,3.6,4.52,2.42,5.95,2.93,216,0,3,0,0.09,0,0,0.29,216,0,90,20,37.52,1,75,37.47,216
7,256.64,281.17,266.95,274.8,270.64,269.87,266.82,274.52,6.17,216,969,1036,1021,1021.4,1017,1027,7.58,216,17,92,52,55.91,43,68,17.8,213,0,12.34,3.71,4.14,2.6,5.55,2.39,216,0,0.3,0,0,0,0,0.04,216,0,90,1,27.44,1,75,35.8,216
8,259.27,280.47,267.54,274.01,271.01,270.33,265.62,274.95,5.83,216,1008,1034,1023,1021.85,1018,1027,5.93,216,31,100,63.5,64.41,51.5,79,16.63,216,0,11.3,3.6,3.92,2.57,4.6,2.23,216,0,0.3,0,0.03,0,0,0.08,216,0,91,20,38.55,1,75,39.65,216
9,260.4,282.55,269.15,275.79,271.61,272.18,268.42,277.31,5.06,216,999,1042,1022,1023.08,1016,1033,11.77,216,25,100,62,64.4,48,81,18.68,215,0,12.9,3.6,4.41,2.6,6.1,2.74,216,0,0.9,0,0.03,0,0,0.12,216,0,92,20,38.09,1,75,37.33,216
10,262.01,288.24,269.86,278,273.28,273.32,269.33,276.49,5.74,216,991,1041,1028,1023.84,1018,1032,12.61,214,18,100,70,70.12,57,86,16.83,215,0,12.3,3.42,3.96,2.5,4.6,2.52,216,0,3,0,0.18,0,0,0.62,216,0,91,1,33.25,0,75,39.6,216
11,263.23,290.66,272.78,281.02,275.28,276.19,272.03,280.8,6.11,216,986,1038,1025,1022.56,1018,1029,10.65,216,30,100,69,69.66,55,87,18.17,214,0,13.4,3.1,4.16,2.1,5.58,2.78,216,0,0.9,0,0.08,0,0,0.22,216,0,90,20,34.75,1,75,34.28,216
12,265.71,291.72,274.71,282.18,277.89,278.01,272.83,283.44,7,216,961,1035,1020,1019.62,1015,1027.5,10.63,216,28,100,70,70.8,54,92,20.3,214,0,11.8,2.87,3.33,1.93,4.24,2.18,216,0,3,0,0.26,0,0.3,0.6,216,0,92,51.5,45.53,1,90,40.98,216
13,267.52,288.26,271.8,280.72,275.05,276.18,271.78,279.97,5.39,216,993,1037,1020,1020.38,1015,1028,9.42,216,32,100,70,71.26,56,93,19.97,216,0,12.9,3.6,3.83,2.51,5.12,2.21,216,0,3,0,0.13,0,0,0.38,216,0,100,75,51.59,1,90,39.45,216
14,262.94,282.15,271.08,276.5,272.95,273.21,268.04,278.95,5.56,216,973,1040,1023,1021.66,1013,1030,12.47,216,26,100,75,72.9,57,92,20.32,216,0,9.3,3.06,3.43,1.88,4.6,2.12,216,0,0.9,0,0.03,0,0,0.13,216,0,95,75,51.04,1,90,38.46,216
15,263.61,286.21,271.42,278.64,274.62,274.34,270.17,278.27,5.57,216,1007,1039,1019,1020.06,1014,1022,7.61,216,36,100,83.5,77.43,58.5,94,19.16,216,0,7.2,2.66,2.65,1.88,3.46,1.31,216,0,0.3,0,0.02,0,0,0.08,216,0,90,20,40.81,1,90,38.56,216
16,267.75,282.94,272.64,278.58,276.23,274.98,270.99,278.27,4.15,216,994,1033,1015,1016.03,1011,1025.5,11.17,216,39,100,79,74.73,61,87,16.09,215,0.51,11.8,3.1,3.63,2.1,4.6,2.03,216,0,3,0,0.16,0,0.15,0.46,216,0,91,75,50.86,1,90,38.32,216
17,263.42,283.54,270.64,277.16,274.33,274.03,271.35,276.35,4.39,216,997,1039,1020.5,1018.81,1013,1026,9.86,216,27,100,68,68.29,52,88,20.31,209,0,12.3,3.1,3.74,2.1,4.85,2.14,216,0,3,0,0.11,0,0,0.3,216,0,100,75,52.13,1,90,40.25,216
18,264.42,283.54,271.25,276.87,274.87,274.07,270.17,277.65,5.2,216,1004,1040,1016,1016.48,1012,1020,8.5,216,27,100,72,71.35,56,89,18.59,216,0.61,12.9,3.1,3.72,2.6,4.6,2,216,0,3,0,0.2,0,0,0.65,216,0,92,42.5,46.1,1,90,40.56,216
19,264.48,283.54,270.26,277.51,274.33,273.61,270.58,275.85,4.28,216,1003,1032,1016,1015.18,1009.5,1018,6.06,216,33,100,65,67.37,56,81,17.3,215,0.51,15.4,3.6,4.07,2.62,5.06,2.19,216,0,0.9,0,0.05,0,0,0.17,216,0,90,36,40.74,1,90,38.89,216
20,266.13,283.13,270.94,277.54,274.38,274.16,271.75,276.4,3.3,216,990,1032,1014,1013.87,1011,1019,8.35,216,22,100,65,67.47,50,89,19.41,215,0,14.9,3.6,4.18,2.57,5.7,2.38,216,0,3,0,0.13,0,0,0.37,216,0,90,9.5,31.52,1,75,37.45,216
21,257.41,284.57,268.4,276.89,271.68,272.08,268.36,277.48,6.23,216,1002,1030,1016,1016.13,1012,1020,6.53,216,21,100,60,64.89,50.5,86,19.59,216,0.51,16.5,3.09,4.19,2.1,4.72,3.32,216,0,0.3,0,0.02,0,0,0.08,216,0,91,1,25.72,1,44,33.63,216
22,257.73,282.58,268.81,275.46,271.34,271.57,267.64,277.23,6.28,216,510,1038,1021,1016.39,1009,1025,36.03,214,24,100,65,66.1,49,86,20.21,214,0,12.3,2.59,3.11,1.69,4.07,2.21,216,0,12,0,0.19,0,0,1.4,216,0,99,32.5,41.83,1,90,39.49,216
23,258.08,287.36,268.81,276.47,271.09,271.94,268.93,277.01,6.03,216,506,1037,1017,1015.56,1011,1026,35.93,215,26,100,65,65.58,47,85,21.22,215,0,15.4,4.1,4.78,2.6,6.7,3.09,216,0,12,0,0.21,0,0,1.22,216,0,91,75,50.19,1,90,42.18,216
24,260.08,286.47,269.27,276.21,273.33,272.46,267.32,277.57,6.71,216,991,1029,1015,1014.03,1005,1023,10.73,216,29,100,63.5,66.53,48,89,21.97,216,0.4,12.9,4.62,4.82,2.6,6.7,2.8,216,0,3,0,0.32,0,0.3,0.74,216,0,100,25,41.91,1,90,41.05,216
25,261.03,281.45,268.95,275.46,272.63,271.83,268.13,275.6,4.92,216,995,1030,1018,1015.45,1008,1022,8.56,216,23,100,58,64.49,50,86,21.1,216,0,11.31,4.44,4.5,2.57,6.23,2.56,216,0,3,0,0.08,0,0,0.37,216,0,100,2,29.28,1,75,36.02,216
26,262.25,283.43,269.05,275.15,271.56,271.84,268.08,275.33,5.06,216,992,1040,1016,1016.38,1009,1024,11.56,216,21,100,61,63.91,44.5,86,22.89,216,0.51,9.8,3.6,3.84,2.59,4.69,1.76,216,0,0.9,0,0.04,0,0,0.12,216,0,100,40,39.96,1,88,39.08,216
27,262.99,283.8,271.06,277.72,273.56,273.8,270.03,278.15,4.81,216,996,1037,1013,1013.72,1005,1020,9.52,216,28,97,67,68.2,53,86,18.57,214,0,10.3,4.1,4.06,2.57,5.66,2.19,216,0,0.3,0,0.03,0,0,0.1,216,0,95,75,56.11,1,90,38.17,216
28,261.74,283.14,269.84,275.93,272.41,272.56,268.01,276.62,5.4,216,1001,1033,1018,1017.19,1010,1023,8.11,216,24,100,59,61.91,45,80,20.61,216,0,9.77,4.12,4.13,2.76,5.1,1.84,216,0,0.9,0,0.04,0,0,0.17,216,0,90,44,44.82,1,90,39.36,216
29,258.56,280.1,268.12,275.36,273.34,271.74,267.19,276.59,5.51,216,996,1033,1018.5,1016.32,1011,1022,8.03,216,26,100,61.5,64.08,46,86,21.49,216,0,11.83,3.4,3.83,2.1,5.1,2.33,216,0,0.3,0,0.02,0,0,0.08,216,0,92,40,45.11,1,90,38.5,216
30,261.26,277.91,268.38,275.27,272.2,271.52,269.34,274.54,4.05,216,1002,1032,1017,1017.52,1011,1024,7.06,215,23,100,60,65.66,47,89,22.4,215,0,12.3,3.1,3.82,2.32,4.87,2.34,216,0,12,0,0.11,0,0,0.85,216,0,93,40,45.53,1,90,40.43,216
31,256.34,284.86,267.18,274.02,269.94,270.1,266.47,274.32,5.81,216,1004,1030,1021,1020.05,1015,1026,6.31,216,28,100,68,68.66,50,90,22.09,216,0,14.4,3.09,3.53,1.6,5.1,2.56,216,0,0.3,0,0.01,0,0,0.04,216,0,100,40,44.93,1,90,37.82,216
32,260.41,287.42,270.02,277.37,273.02,273.04,269.8,277.63,5.87,216,979,1032,1016,1015.64,1009.5,1023,9.77,216,20,100,86,72.93,52,92,23.16,216,0,13.89,3.6,3.77,2.31,4.64,2.48,216,0,0.9,0,0.03,0,0,0.12,216,0,100,71,55.63,20,90,34.67,216
33,262.45,283.85,270.23,277.63,273.47,273.69,271.59,276.12,4.24,216,505,1029,1014,1010.31,1004,1019,35.86,215,26,100,74,69.56,45,93,23.43,213,0,11.8,3.59,4.05,2.39,5.66,2.18,216,0,12,0,0.36,0,0.15,1.32,216,0,92,75,58.63,20,90,34.74,216
34,263.28,286.23,269.36,277.64,272.25,272.67,269.05,275.24,5.43,216,996,1032,1020,1017.12,1012,1024,9.66,215,33,100,66,67.41,50,86,18.45,206,0,9.8,3.6,3.79,2.6,4.6,1.61,216,0,3,0,0.11,0,0,0.31,216,0,91,46.5,49.5,1,90,38.57,216
35,263.57,288.67,270.74,279.27,272.83,274.27,270.47,277.24,5.92,216,1003,1032,1019,1018.58,1011,1026,7.51,216,29,100,69,69.19,55,85,17.01,213,0,10.8,2.86,3,1.51,4.1,1.78,216,0,0.9,0,0.07,0,0,0.2,216,0,95,40,46.23,1,90,38.71,216
36,266.35,290.23,271.52,279.14,273.67,274.75,271.82,277.01,4.27,216,1002,1029,1015,1014.26,1010,1018,5.9,216,34,100,74,72.38,55,89,19.1,211,0,13.4,3.27,3.76,2.1,5.1,2.04,216,0,3,0,0.2,0,0,0.57,216,0,91,71,51.84,1,90,38.6,216
37,259.97,284.36,269.57,276.28,273.42,272.91,269.83,276.72,5.01,216,999,1031,1020,1018.74,1014,1025,7.13,216,31,100,63.5,65.65,50,84.5,19.29,216,0,10.29,3.1,3.25,2.1,4.1,1.6,216,0,0.9,0,0.06,0,0,0.17,216,0,90,20,39.31,1,90,40.95,216
38,262.83,283.91,270.68,277.48,273.3,273.2,270.76,276.46,4.14,216,976,1032,1019,1016.31,1014,1022,10.92,216,33,100,86,78.28,63,93,18.73,213,0,13.9,2.6,3.15,2.1,3.6,1.92,216,0,3,0,0.19,0,0.3,0.5,216,0,90,75,49.83,1,90,41.59,216
39,263.41,288.48,270.17,277.48,272.69,273.44,270.6,275.97,4.64,216,998,1033,1017,1017.64,1012,1026,8.99,216,26,100,58,63.62,44,92,23.07,215,0,12.9,3.6,3.89,2.1,5.1,2.32,216,0,3,0,0.08,0,0,0.26,216,1,90,40,44.69,1,89,38.31,216
40,264.35,281.44,268.51,275.53,271.63,271.66,269.72,273.18,3.12,216,999,1039,1022,1020,1011.5,1030,11.12,216,29,100,68,66.11,49,80,19.6,211,0,12.9,3.1,3.83,2.1,4.6,2.69,216,0,0.9,0,0.04,0,0,0.11,216,1,92,87,58.06,1,90,38.93,216
41,264.62,280.6,269.29,275.19,271.6,271.95,269.29,274.36,3.88,216,1001,1041,1021,1020.22,1016,1026,9.92,216,29,100,68.5,67.72,50,86,20.22,214,0,11.8,3.64,3.86,2.34,4.71,1.91,216,0,3,0,0.09,0,0,0.28,216,0,92,68.5,48.23,1,90,38.92,216
42,262.1,283.13,270.06,276.11,271.91,272.71,269.17,276.62,4.78,216,515,1032,1018,1017.57,1015,1026,34.98,215,29,100,65,66.51,45,93,22.78,214,0,13.4,3.09,3.21,1.54,4.11,2.3,216,0,3,0,0.18,0,0,0.5,216,0,90,90,54,1,90,41.74,216
43,260.19,286.27,268.49,275.58,271.75,271.99,267.74,276.2,5.57,216,1005,1036,1022,1021.04,1015,1027,7.97,216,28,100,60,65.66,45,91,22.97,212,0,15.4,3.09,3.41,2.1,4.6,2.22,216,0,0.9,0,0.09,0,0,0.23,216,1,95,47.5,46.25,1,90,40.56,216
44,260.4,278.78,269.32,274.61,273.37,271.94,268.25,275.59,4.61,216,992,1043,1013,1016,1006,1025,11.64,216,25,100,72,69.3,48,90,22.16,209,0,14.9,4.1,4.52,3.1,6.03,2.36,216,0,0.9,0,0.14,0,0.3,0.27,216,0,92,75,54.9,1,90,39.38,216
45,254.15,282.59,267.48,275.67,272.6,271.16,269.87,274.65,6.21,216,982,1039,1020,1016.97,1013,1024,11.89,215,27,100,64,66.54,48.5,86,21.42,209,0,13.9,3.42,4.09,2.48,5.66,2.5,216,0,3,0,0.09,0,0,0.33,216,0,92,40,42.25,1,87,38.48,216
46,260.42,286.85,269.55,276.31,272.71,272.38,266.83,276.45,6.31,216,998,1039,1014,1016.21,1007,1024,11.37,216,29,100,73.5,71.3,56,90,19.14,204,0,10.3,2.66,3.12,1.78,3.6,2,216,0,0.9,0,0.06,0,0,0.16,216,0,90,68,49.44,1,90,38.5,216
47,259.18,286.93,270.65,279.67,274.27,274.88,270.88,280.68,7.02,216,997,1031,1013,1012.28,1006,1018,7.57,216,30,100,84,74.93,53,93,20.7,207,0,10.3,4.19,4.56,2.6,6.2,2.23,216,0,12,0,0.27,0,0.3,1.21,216,0,91,16,37.65,1,90,39.88,216
48,262.97,282.33,269.26,276.86,273.65,272.41,269.17,275.59,4.6,216,1000,1029,1019,1019,1015,1023,5.76,216,20,100,64,65.1,50,87,21.83,215,0,10.8,3.33,3.76,2.31,5.1,1.94,216,0,0.3,0,0.01,0,0,0.06,216,0,92,1,35.22,1,80,39.38,216
49,258.71,281.3,269.17,276.16,272.56,272.14,269.72,274.93,4.65,216,1005,1033,1020,1019.42,1014,1027,7.85,216,24,100,75,70.57,51,92,22.1,212,0,13.9,3.1,3.73,1.91,4.6,2.52,216,0,0.9,0,0.05,0,0,0.17,216,0,90,40,45.8,1.5,90,39.07,216
50,263.32,285.09,269.43,276.76,272.18,272.55,268.12,277.81,5.49,216,1006,1036,1022,1022.03,1016,1030,8.73,216,23,96,75,68.12,48,87,22.2,215,0,9.8,3.6,3.76,2.39,4.88,2.03,216,0,0.3,0,0.01,0,0,0.05,216,0,90,19,35.19,1,88,38.1,216
51,258.09,290.44,270.73,278.61,274.08,274.37,271,278.87,6.75,216,1006,1037,1024,1023.5,1018,1029,7.49,216,15,100,69,67.93,49.5,86,21.51,213,0,7.72,3.2,3.39,2.1,4.6,1.65,216,0,0.9,0,0.02,0,0,0.1,216,0,90,1,35.72,1,90,41.28,216
52,257.09,296.19,270.77,280.52,274.31,275.12,271.14,279.84,7.62,216,1005,1039,1025,1022.33,1014,1031,9.56,212,19,100,69,69.5,51.5,90,21.68,208,0,8.7,3.46,3.59,2.6,4.21,1.54,216,0,12,0,0.27,0,0,1.62,216,0,97,8,37.56,1,90,40.72,216
53,268.64,293.21,272.85,281.82,276.23,276.69,272.99,279.88,4.76,216,1006,1037,1021,1021.54,1016,1027,6.75,213,16,100,61,62.26,44,81,22.91,207,0,10.3,3.17,3.52,2.06,4.6,1.95,216,0,12,0,0.35,0,0.3,1.45,216,0,92,30,41.81,1,90,40.43,216
54,264.87,290.08,271.78,280.24,275.22,275.47,273.25,277.08,4.67,216,1002,1039,1024,1021.73,1013,1028,9.25,215,16,100,72,68.33,51,87,23.22,215,0,8.2,2.96,2.99,1.94,4.06,1.59,216,0,12,0,0.11,0,0,0.85,216,0,90,20,38.13,1,90,39.79,216
55,254.44,294.21,272.71,281.95,277.25,276.92,274.96,280.52,7.35,216,995,1029,1017,1016.5,1012,1021,6.97,216,19,100,86,73.65,52,93,23.92,215,0,9.3,3.1,3.55,2.1,4.6,1.83,216,0,3,0,0.18,0,0.3,0.48,216,0,91,75,51,1,90,41.38,216
56,261.47,291.07,275.15,281.31,279.25,278.2,275.59,281.6,6.65,216,990,1023,1011,1009.69,1008,1015,8.32,216,26,100,77,71.53,53,93,22.47,211,0,14.9,4.1,4.69,2.35,6.7,3.05,216,0,3,0,0.22,0,0,0.62,216,0,90,75,56.56,7,90,37.55,216
57,264.81,285,272.28,278.15,275.17,274.8,271.11,279.08,4.93,216,997,1032,1016,1016.47,1012.5,1021,7.28,216,25,100,56,63.14,42,91,22.82,215,0,11.3,3.63,4.28,2.6,6.2,2.3,216,0,3,0,0.08,0,0,0.36,216,1,92,71,48.74,1,90,38.65,216
58,261,285.68,269.95,278,274.74,273.65,269.43,277.65,5.78,216,994,1032,1023,1019.94,1016,1027,9.38,216,25,94,56,60.07,41,82,21.62,215,0,12.9,3.11,3.88,2.38,4.63,2.48,216,0,3,0,0.05,0,0,0.25,216,0,90,22,39.82,1,90,39.32,216
59,258.17,288.41,270.92,279.07,275.77,274.43,270.95,278.9,7.23,216,999,1043,1020,1019.86,1012,1026,10.04,216,23,100,66.5,63.39,42,86,21.97,216,0,12.9,3.51,3.91,2.1,5.1,2.2,216,0,0.9,0,0.05,0,0,0.16,216,0,90,9,32,1,76.5,37.86,216
60,270.32,287.61,273.91,281.46,276.4,277.69,273.02,282.63,5.53,48,1001,1014,1009,1008.1,1005,1011,3.84,48,28,100,42,49.19,37,65,16.16,48,1.5,10.3,4.71,5.25,3.93,6.36,1.9,48,0,0.9,0,0.04,0,0,0.15,48,1,90,35,34.73,1,75,33.75,48
61,259.58,290.53,272.32,280.62,277.27,275.89,270.43,281.17,7.56,216,996,1041,1017,1017.31,1008,1026,11.47,216,27,100,70,67.15,49,87,21.16,214,0,9.3,2.6,3.02,1.76,4.1,1.86,216,0,3,0,0.09,0,0,0.38,216,0,92,46,47.03,1,90,41.54,216
62,266.62,290.8,272.97,281.28,275.46,276.55,273.02,279.57,4.92,216,989,1027,1014.5,1011.24,1003,1019.5,9.81,216,29,100,60,63.84,44,86,22.6,216,0,20.6,4.6,5.25,2.6,6.81,3.68,216,0,3,0,0.21,0,0,0.6,216,0,92,75,52.53,1,90,39.9,216
63,261.24,286.76,271.25,278.45,274.9,274.52,271.16,276.91,5.26,215,999,1030,1017,1016.27,1009,1022,7.18,215,22,100,59,58.91,42,74,19.31,214,0.82,18,4.1,4.67,2.6,5.1,3.1,215,0,0.9,0,0.03,0,0,0.11,215,0,92,40,44.1,1,90,40.02,215
64,260.58,285.76,271.67,277.28,275.06,274.3,271.66,277.37,5.16,216,998,1034,1011,1015.3,1008,1022,9.15,216,21,100,60,63.11,45,86,22.05,212,0,12.9,4.88,5.27,3.1,6.7,2.62,216,0,0.9,0,0.15,0,0,0.32,216,0,100,75,54.92,10.5,90,37.41,216
65,262.37,283.43,269.23,276.83,273.07,272.74,270.01,275.15,4.26,216,1006,1039,1018,1018.69,1013,1022,7.74,216,13,100,49,52.05,36,63,21.52,215,0,12.35,4.74,4.92,2.87,6.71,2.59,216,0,0.3,0,0.04,0,0,0.1,216,0,92,20,37.32,1,90,39.86,216
66,262.05,281.64,268.5,276.22,272.25,272.09,268.16,275.64,4.77,216,1008,1038,1020,1022.28,1016,1030,8.08,216,19,100,49,56.13,41,75,20.59,210,0,12.35,4.05,4.01,2.3,5.1,2.02,216,0,0.9,0,0.02,0,0,0.12,216,0,92,1,29.07,1,75,36.59,216
67,262.98,287.93,270.99,278.44,274.55,273.87,270.68,277.01,5.04,216,1001,1035,1024,1021.44,1015,1026,7.06,216,16,100,63,64.76,46,86,21.45,212,0,12.9,3.66,4.18,3.01,5.1,2.11,216,0,0.9,0,0.08,0,0,0.2,216,0,91,75,52.31,5,90,39.61,216
68,266.68,289.86,272.9,281.71,275.41,276.78,273.24,281.28,5.33,216,1002,1032,1018,1019.1,1013.5,1028,8.22,216,18,100,58.5,59.69,41.5,80,22.78,216,0,12.9,3.41,3.71,2.24,5.1,2.07,216,0,0.9,0,0.04,0,0,0.14,216,0,99,31,41.39,1,90,39.35,216
69,267.27,295.83,274.85,284.63,277.28,279.04,274.47,283.42,6.22,216,1006,1029,1020,1018.94,1014,1025,6.69,216,14,100,48,53.32,31,79,25.17,202,0.67,12.3,3.6,3.82,2.23,5.1,2.09,216,0,0.9,0,0.01,0,0,0.11,216,0,90,6.5,33.74,1,80,38.34,216
70,269.07,296.56,275.61,284.4,277.14,279.6,275.08,283.41,6.4,216,1004,1034,1016,1018.98,1013,1024.5,7.11,216,17,100,52,57.85,41.5,74,21.74,216,0,8.7,3.55,3.68,2.1,5.1,1.9,216,0,0.9,0,0.06,0,0,0.2,216,0,100,62.5,47.13,1,90,39.64,216
71,264.72,294,275.8,285.26,279.61,279.86,276.23,284.4,6.49,216,512,1033,1018,1015.12,1015,1021,35.07,215,26,100,58,61.34,41,82,22.61,210,0,10.3,3.6,3.77,2.26,4.75,2.21,216,0,12,0,0.24,0,0,1.18,216,1,92,46,44.58,1,81,37.76,216
72,265.14,291.96,275.08,282.69,278.19,278.67,275.42,282.57,5.89,216,513,1033,1020,1016.54,1017,1025,35.58,215,18,100,56,59.38,44,75,19.64,214,0,9.3,3.99,3.79,2.32,4.94,2.02,216,0,12,0,0.14,0,0,1.17,216,0,100,20,36.5,1,75,37.86,216
73,265.14,293.27,273.37,282.81,276.5,277.39,272.65,282.37,6.59,216,983,1038,1017.5,1017.62,1008.5,1027,12.22,216,17,100,61,61.86,37,87,25.31,216,0,12.3,4.1,4.84,2.59,6.83,2.79,216,0,3,0,0.12,0,0,0.35,216,0,100,20,42.59,1,90,42,216
74,265.64,289.35,274.34,282,278.3,277.49,274.62,280.5,4.91,216,504,1031,1018,1008.96,1010,1023,60.91,213,14,100,54,58.93,36,83,24.87,212,0,12.9,3.61,4.51,2.1,6.7,2.94,216,0,12,0,0.54,0,0,1.92,216,0,95,75,49.99,1,90,39.43,216
75,265.96,295.01,274.25,282.1,277.71,277.6,273.43,281.22,6,216,993,1031,1010,1012.14,1006.5,1015,9.01,216,15,100,57,58.2,40,76,22.84,215,0,11.32,5.61,5.57,3.6,7.64,2.49,216,0,0.9,0,0.06,0,0,0.13,216,0,90,75,51.06,7,90,36.78,216
76,268.15,290.56,273.23,281.76,275.79,276.77,273.37,280.1,5,216,995,1037,1014,1016.14,1010,1022,9.12,216,18,100,49,52.08,34,65.5,20.31,212,0,11.3,4.1,4.38,2.15,6.2,2.6,216,0,3,0,0.06,0,0,0.31,216,0,90,20,32.84,1,75,34.94,216
77,267.38,288.42,273.55,281.37,277.04,276.8,273.64,279.94,4.42,216,1001,1032,1019,1016.18,1009,1022,7.29,216,22,100,60,57.83,37,75,21.79,213,0,11.3,3.11,3.6,2.1,5.1,2.13,216,0,0.3,0,0.05,0,0,0.11,216,0,92,75,53.85,1,90,38.4,216
78,268.05,285.82,272.92,280.1,275.55,276.32,272.94,279.63,4.18,216,1006,1033,1019,1018.64,1013,1024,6.66,216,16,100,51,56.26,34,80.5,24.71,216,0,8.7,3.1,3.63,2.1,5.1,2.08,216,0,0.9,0,0.03,0,0,0.14,216,0,99,11,35.25,1,90,39.59,216
79,269.41,283.41,272.53,280.11,275.45,275.97,273.28,278.62,3.33,216,1009,1031,1023,1021.75,1018,1026,5.6,216,19,100,55,56.48,35,76.5,22.56,212,0,9.26,3.41,3.64,2.26,4.6,2.04,216,0,3,0,0.07,0,0,0.33,216,0,100,18,39.34,1,90,41.27,216
80,269.99,294.08,273.38,282.73,275.97,277.24,273.68,280.77,4.83,216,1004,1035,1020,1019.67,1013.5,1027,8.33,216,18,100,59,59.56,37,86,24.78,212,0,10.3,3.1,3.38,2.26,4.1,1.63,216,0,3,0,0.1,0,0,0.35,216,0,92,40.5,45.05,1,90,40.24,216
81,271.61,292.69,275.14,283.12,278.26,278.5,275.01,280.65,4.61,216,1003,1035,1014,1016.07,1010,1021,8.42,216,17,100,56,60.09,39.5,81,24.4,216,0,11.3,3.14,3.9,2.06,5.7,2.38,216,0,0.9,0,0.06,0,0,0.19,216,0,92,75,51.66,1,90,39.13,216
82,271.83,289.9,273.88,282.79,276.44,277.63,274.14,279.95,4.22,216,993,1040,1014.5,1015.5,1008,1023,11.5,216,20,100,48,55.86,36,81,23.54,215,0,11.3,4.11,4.29,2.21,5.7,2.51,216,0,3,0,0.11,0,0,0.44,216,0,99,20,38.3,1,90,39.67,216
83,266.87,293,273.64,282.28,276.5,277.11,274.1,280.19,5.49,216,998,1039,1017,1019.08,1014,1026,9.95,216,16,93,51,53.32,40,68.5,19.55,216,0,10.8,3.6,3.95,2.61,5.1,2.19,216,0,3,0,0.07,0,0,0.37,216,0,95,1,29.92,1,75,37.32,216
84,266.37,289.81,273.26,282.76,276.95,277.45,273.69,281.5,5.23,216,1008,1035,1020,1020.6,1018,1024,5.94,214,14,94,57,56.67,37,79.5,22.32,212,0,9.8,3.6,3.5,2.06,4.6,1.87,216,0,12,0,0.15,0,0,1.17,216,0,90,4,27.6,1,40.5,34.26,216
85,266.66,293.17,275.99,283.97,279.73,279.36,275.84,282.99,5.7,216,1005,1033,1019,1018.58,1016,1022,6.65,211,20,100,61,61.58,44,78,21.16,210,0,9.8,3.1,3.2,1.63,4.19,2.02,216,0,12,0,0.34,0,0,1.66,216,0,99,75,53.12,1,90,40.35,216
86,270.8,300.15,275.1,284.34,277.4,279.04,275.86,281.28,5.47,216,996,1047,1018,1018.33,1010.5,1026,11.02,216,15,100,60,61.17,43.5,82,23.65,213,0,13.38,3.6,4.21,2.6,5.1,2.69,216,0,0.9,0,0.1,0,0,0.21,216,0,100,40,46.8,1,90,40.95,216
87,266.77,292.01,275.54,284.3,278.68,279.27,276.32,282.37,5.42,216,1000,1039,1021,1019.82,1009,1029,10.94,215,17,100,62,62.22,41,86,24.65,214,0,10.8,3.1,3.22,2.1,4.26,1.73,216,0,3,0,0.17,0,0,0.44,216,1,100,20,42.4,1,90,41.06,216
88,271.87,287.85,276.61,284.42,279.95,279.54,276.14,282.37,3.68,216,997,1033,1016,1015.87,1010.5,1020,7.68,213,25,100,74,70.64,56,87,18.14,213,0,12.1,2.76,3.04,2.01,4.1,1.88,216,0,3,0,0.23,0,0.3,0.48,216,0,92,75,58.09,3,90,38.18,216
89,270.27,287.49,278.18,283.98,281.03,280.67,279.85,282.46,3.5,216,997,1025,1017,1015.89,1014,1019,5.25,213,18,100,69,67.78,52,87,20.34,212,0,13.9,3.71,4.54,2.2,6.7,3.18,216,0,3,0,0.17,0,0.3,0.33,216,0,90,75,58.07,13,90,37.41,216
90,272.67,292.27,277.29,285.22,280.81,280.97,278.91,282.82,3.83,216,999,1030,1018,1016.15,1011,1023,8.06,216,19,100,71,65.97,44,85,22.42,216,0,9.8,3.6,3.84,2.59,5.13,2.03,216,0,3,0,0.18,0,0,0.52,216,0,90,40,45.09,1,90,40.3,216
91,275.08,293.16,277.61,285.81,280.65,281.3,277.69,284.01,4.24,216,1002,1025,1015,1015.07,1011,1019.5,5.44,216,18,93,68,65.31,54,80,17.91,214,0,10.3,4.1,4.15,2.6,5.25,2.16,216,0,3,0,0.2,0,0.3,0.47,216,0,90,40,45.02,1,90,40.58,216
92,272.21,296.15,276.9,285.48,279.77,280.73,276.73,284.06,5.16,216,997,1025,1013,1012.88,1009,1017,5.72,216,26,100,64,63.33,48,78.5,19.27,213,0,11.3,4.6,4.65,3.07,6.69,2.51,216,0,3,0,0.16,0,0.3,0.4,216,0,99,59,49.01,1,90,37.79,216
93,270.66,291.93,275.43,285.69,279.48,279.82,276.42,283.23,4.71,216,994,1032,1018,1015.34,1007,1021,8.78,214,25,100,58,59.8,43,74,19.36,212,0,12.9,3.6,4,2.1,5.66,2.43,216,0,0.9,0,0.07,0,0,0.18,216,0,95,40,45.82,1,90,37.71,216
94,272.1,291.43,276.52,285.81,279.35,280.63,276.8,284.36,5.24,216,991,1029,1016,1014.2,1011,1020,8.27,216,17,100,58.5,57.47,37,75,22.72,214,0,15.4,4.1,4.72,2.5,7.2,3.1,216,0,3,0,0.16,0,0.15,0.46,216,0,92,40,41.76,1,90,39.54,216
95,273.08,290.15,277.81,285.57,280.78,280.79,277.87,283.15,3.84,216,995,1030,1015,1013.75,1009,1019,7.99,215,17,100,64.5,62,37,87,26.4,212,0,10.8,3.64,4.23,2.45,5.71,2.3,216,0,3,0,0.26,0,0.3,0.51,216,0,95,86,57,1,90,39.69,216
96,268.95,292.26,276.23,285.28,279.84,279.92,276.71,283.3,4.95,216,1003,1034,1017,1018.13,1013,1023.5,7.3,216,16,100,51,53.95,35,72,22.45,214,0,12.3,4.12,4.9,3.1,6.46,2.62,216,0,0.9,0,0.05,0,0,0.15,216,0,90,20,38.92,1,90,39.11,216
97,269.5,293.28,276.21,288.11,280.42,281.11,277.28,285.21,5.41,216,989,1030,1018,1017.36,1014,1022,7.32,216,11,100,55,56.37,39,76,24.35,216,0,12.9,3.1,3.6,2.1,5.1,2.1,216,0,3,0,0.14,0,0,0.48,216,0,100,11.5,32.54,1,75,37.23,216
98,274.57,294.44,279.21,287.61,282.83,283.17,280.37,285.88,4.11,216,989,1026,1015,1013.66,1009.5,1022,9.68,216,13,94,52,52.74,34,70,20.67,211,0,12.3,3.6,3.82,2.1,5.1,2.09,216,0,3,0,0.08,0,0,0.27,216,0,92,38,40.44,1,75,38.67,216
99,272.28,297.39,278.99,287.9,281.55,282.45,278.71,285.57,5.08,216,995,1028,1012,1011.42,1002,1019,9.78,216,23,100,62,62.2,45,81,20.7,216,0,10.8,4.1,4.27,2.6,5.62,2.21,216,0,3,0,0.15,0,0.3,0.36,216,1,92,75,51.03,1,90,38.88,216
100,271.5,295.31,277.24,287.17,281.38,281.58,277.4,284.74,5.1,216,987,1026,1015.5,1012.95,1006,1021,9.2,216,16,100,71,64.08,45,81,21.91,215,0,14.4,3.38,3.77,2.6,4.6,2.25,216,0,3,0,0.08,0,0,0.26,216,1,93,20,38.33,1,90,40.37,216
101,272.27,300.26,278.01,288.77,281.7,282.86,278.41,286.14,6.12,216,993,1030,1017,1014.69,1010,1022,8.69,216,17,100,58,58.66,36,81,24.54,215,0,14.4,3.26,4.13,2.1,5.7,2.84,216,0,0.9,0,0.09,0,0.15,0.18,216,1,94,40,44.31,1,90,40.74,216
102,271.8,298.87,280.1,289.47,284.42,284.54,280.19,287.47,5.66,216,1001,1026,1015.5,1015.51,1012,1020.5,6.29,216,21,100,47,53.18,38,68,21.58,212,0,9.3,3.6,3.76,2.6,4.6,1.97,216,0,3,0,0.05,0,0,0.24,216,0,97,20,38.4,1,75,36.99,216
103,274.72,295.94,280.25,289.16,284.63,284.47,280.98,287.1,4.52,216,1003,1029,1019,1017.85,1014,1022,5.74,216,21,100,63,63.17,49,77,18.89,213,0,9.8,3.06,3.29,2.1,4.6,1.78,216,0,3,0,0.09,0,0,0.27,216,0,100,75,49.84,1,90,39.75,216
104,274.73,297.93,281.23,291.73,285.67,285.64,281.3,288.43,5.36,216,997,1030,1018,1018.42,1014,1026,7.19,216,23,100,62,61.85,45,82,21.17,213,0,11.8,3.74,3.94,2.59,5.1,1.9,216,0,3,0,0.21,0,0.3,0.54,216,0,90,20,41.43,1,90,40.88,216
105,276.34,296.29,282.36,291.56,287.22,286.67,283.07,289.89,4.84,216,1003,1030,1016,1017.37,1013,1022,6.47,216,19,100,54.5,57.11,42.5,72,19.13,216,0,11.3,3.1,3.75,2.09,4.76,2.34,216,0,0.9,0,0.01,0,0,0.08,216,0,92,5,33.28,1,75,37.5,216
106,276.15,291.75,279.71,288.35,284.27,284.19,281.67,287.78,3.95,216,992,1032,1016.5,1016.02,1009,1024,10.36,216,17,100,64,62.6,48,82,20.39,213,0,13.9,4.1,4.55,2.6,6.2,2.47,216,0,3,0,0.18,0,0,0.51,216,1,92,75,54.38,5,90,38.49,216
107,272.05,301.54,278.34,287.84,281.27,282.58,279.09,285.89,5.48,216,997,1033,1019,1018.33,1012,1027.5,9.51,216,12,99,46,52.92,36,76,23.56,215,0.51,13.4,4.6,5.06,2.96,6.7,2.65,216,0,3,0,0.27,0,0.3,0.7,216,1,95,28,39.33,1,75,36.65,216
108,273.55,296.84,279.55,288.45,282.5,283.52,279.51,288.13,5.59,216,998,1041,1021,1019.67,1011,1027,10.83,215,15,99,57,56.07,41,71,19.35,215,0,9.8,3.54,3.91,2.55,5.1,1.98,216,0,0.9,0,0.07,0,0,0.17,216,0,92,74,47.75,1,90,39.27,216
109,273.98,298.37,280.2,289.13,283.74,284.31,280.2,288.07,5.62,216,1004,1038,1019,1018.19,1009.5,1023.5,8.52,216,11,93,57.5,57.07,42.5,71.5,18.79,216,0,8.2,3.1,3.37,2.1,4.49,1.67,216,0,0.9,0,0.06,0,0,0.17,216,0,90,30.5,42.05,1,90,39.79,216
110,276.67,297.22,281.03,290.35,285.31,285.13,280.76,288.89,4.89,216,1004,1034,1016,1017.5,1010.5,1024,8.27,216,16,93,58,55.9,41,70,17.94,214,0,9.8,3.6,3.83,2.1,5.6,2.21,216,0,0.9,0,0.06,0,0,0.18,216,0,90,20,33.86,1,75,35.56,216
111,275.14,296.3,281.85,290.17,285.21,285.52,282.61,289.35,4.53,216,1002,1032,1015,1015.66,1007,1022,8.13,216,12,100,61,61.06,39,82,24.47,216,0,10.29,3.88,4.49,2.94,6.2,2.21,216,0,3,0,0.31,0,0.3,0.77,216,0,100,40,45.86,1,90,41.06,216
112,274.49,292.04,280.34,289.86,285.15,284.77,282.67,287.39,4.11,216,996,1029,1014,1013.2,1005,1021,8.87,216,15,100,64,63.22,48,81,21.46,215,0,10.3,3.6,3.89,2.6,4.88,1.9,216,0,3,0,0.21,0,0.3,0.45,216,0,99,20,38.05,1,87,39.08,216
113,274.84,298.11,279.42,288.65,283.6,284.01,280.24,287.96,5.53,216,999,1035,1013,1014.69,1008,1018,8.91,216,16,93,52,53.89,39,68.5,19.31,216,0,11.32,3.6,4.22,2.6,5.7,2.27,216,0,0.9,0,0.05,0,0,0.16,216,0,90,25,38.7,1,75,38.46,216
114,276.12,296.88,280.02,289.58,283.92,284.28,279.99,288.29,5.03,216,999,1038,1016,1016.33,1009,1019,10.58,216,17,100,50,51.76,39,62.5,17.43,209,0,10.8,3.6,3.92,2.1,5.12,2.25,216,0,3,0,0.09,0,0,0.33,216,0,91,8.5,32.12,1,75,36.43,216
115,275.95,294.17,279.6,288.27,282.55,283.84,279.72,288.6,4.79,216,1005,1033,1015,1016.2,1010,1021,7.78,215,13,93,54,53.96,36,70,21.28,212,0.96,10.3,3.6,4.16,2.6,5.11,2.1,216,0,0.9,0,0.08,0,0,0.21,216,0,99,10,33,1,90,38.33,216
116,275.36,293.03,280.03,289.47,284.73,284.56,282.27,287.17,4.02,216,1004,1024,1014.5,1014.12,1012,1017,4.21,216,15,100,62,62.48,44,81,22.4,216,0,9.8,3.21,3.48,2.1,4.6,1.88,216,0,3,0,0.17,0,0.3,0.46,216,0,90,75,49.05,1,90,40.35,216
117,277.62,293.07,281.73,289,285.02,284.84,282.28,286.61,3.18,216,996,1022,1008,1009.73,1006,1013,5.2,216,17,100,71,67.16,49,87,22.92,215,0,12.3,3.6,3.98,2.1,5.14,2.27,216,0,3,0,0.34,0,0.3,0.68,216,0,90,76,54.75,1,90,39.24,216
118,277.17,292.95,280.95,288.79,284.25,284.45,281.44,287.06,3.67,215,993,1029,1012,1011.79,1008,1015,7.56,215,17,100,59,59.49,41,79,21.41,213,0,12.9,3.35,3.81,2.1,4.6,2.35,215,0,3,0,0.14,0,0.3,0.39,215,0,90,75,51.6,1,90,39.47,215
119,277.76,301.77,281.16,292.05,284.69,285.89,282.49,288.54,5.14,216,1005,1030,1015,1015.04,1010,1018,6.31,216,18,100,56,56.93,42,70,20.83,213,0,9.3,3.04,3.09,2.03,4.31,1.68,216,0,0.9,0,0.06,0,0,0.15,216,0,90,16,32.11,1,75,36.97,216
120,275.51,301.08,282.61,291.18,285.45,286.52,282.6,290.15,5.13,216,999,1031,1018,1017.32,1011,1024,7.78,216,24,93,60,58.34,44,70,17.68,215,0,11.3,3.26,3.7,2.1,5.1,1.91,216,0,0.9,0,0.07,0,0,0.18,216,0,92,75,49.31,1,90,39.72,216
121,279.19,298.01,282.73,289.51,284.9,285.42,281.96,288.83,4.08,216,994,1029,1021,1017.31,1015,1023,9.05,215,25,100,71,67.46,52,81,18.46,215,0,10.8,4.11,4.59,2.97,6.06,2.21,216,0,12,0,0.5,0,0.3,1.55,216,0,100,90,71.67,75,90,31.29,216
122,278.22,298.14,281.97,290.8,284.88,285.57,282.57,287.97,4.08,216,1001,1032,1016,1016.52,1011,1023,7.59,216,12,100,71,69.38,56,87,22.47,216,0,12.86,3.1,3.75,2.11,4.6,2.15,216,0,3,0,0.38,0,0.3,0.9,216,1,100,75,59.51,25,90,36.41,216
123,276.98,304.15,283.45,295,288.12,288.41,283.78,292.33,5.69,216,1001,1031,1014,1014.08,1007,1019,7.88,214,14,100,58.5,59.68,36,83,25.18,214,0,11.8,3.1,3.32,1.57,4.6,2.1,216,0,3,0,0.08,0,0,0.32,216,0,90,20,35.44,1,75,37.3,216
124,278.98,304.33,284.36,294.06,287.96,288.76,284.61,291.79,5.48,216,1003,1032,1013,1015.51,1010,1020,7.32,216,20,93,55,58.86,38.5,81,21.82,216,0,13.9,2.98,3.32,1.94,4.1,2.16,216,0,3,0,0.11,0,0,0.31,216,0,90,20,39.06,1,90,39.58,216
125,278.01,300.14,284.34,293.14,287.69,288.39,284.69,291.77,4.66,216,1002,1031,1011.5,1013.85,1007,1022,8.35,214,24,100,58,63.12,44,83,22.36,214,0,11.8,3.1,3.37,2.06,4.6,1.95,216,0,3,0,0.21,0,0.3,0.56,216,0,90,53,47.31,1,90,39,216
126,280.22,297.74,283.94,291.63,286.14,287.32,283.93,290.66,4.61,216,1002,1029,1011,1013.02,1008,1020,7.06,215,18,100,62,63.73,42,87,23.81,215,0,10.8,3.6,3.69,2.1,5.1,2.07,216,0,3,0,0.22,0,0.3,0.57,216,0,90,33,42.8,1,90,41.02,216
127,279.59,294.07,284.04,291.14,287.37,286.93,283.61,290.19,3.59,216,995,1026,1012,1012.71,1009,1018,8.31,216,17,100,59,60.87,45,75,20.42,216,0,8.2,3.1,3.43,2.48,4.12,1.58,216,0,3,0,0.2,0,0.3,0.52,216,0,97,75,56.72,15.5,90,37.07,216
128,279.81,295.91,282.07,292.11,285.65,286.52,283.42,289.86,4.07,216,995,1029,1015.5,1014.95,1009,1021.5,7.5,216,18,100,63,61.44,46,75,19.6,216,0,10.3,2.73,2.8,1.54,3.6,1.49,216,0,0.9,0,0.08,0,0,0.2,216,0,92,40,45.13,1,90,40.8,216
129,278.28,297.77,282.57,291.44,285.65,286.52,283.29,289.2,4.24,216,1003,1026,1019,1015.72,1010,1021,6.46,215,25,100,66,66.16,48,87,20.55,215,0,11.8,2.6,3.03,1.54,3.66,2,216,0,3,0,0.11,0,0,0.3,216,0,100,40,49.1,1,90,38.54,216
130,274.09,295.6,281.87,290.19,286.08,285.86,282.79,289.04,4.67,216,1002,1028,1018,1017.67,1014,1022,5.65,215,22,100,74,68.1,50,87,22.39,215,0,11.3,2.6,3.34,1.73,4.1,2.29,216,0,3,0,0.19,0,0.3,0.5,216,0,92,63,51.11,5,90,37.44,216
131,276.46,300.1,283.27,292.95,287.61,287.24,285.11,289.72,4.68,216,1006,1024,1016,1016.69,1013,1021,4.51,215,21,100,69,68.67,53,87,22.21,215,0,8.2,2.62,3.12,1.91,4.02,1.67,216,0,12,0,0.26,0,0.3,0.93,216,0,92,75,53.97,1,90,38.88,216
132,279.75,299.89,284.79,294.74,288.87,289.46,286.04,293.43,4.97,216,1008,1022,1015,1015.57,1014,1018,3.36,216,18,100,62,59.5,41,76,21.85,216,0,9.3,3.05,3.13,2.1,4.1,1.6,216,0,3,0,0.13,0,0,0.44,216,0,98,1,27.35,1,64,34.48,216
133,278.89,301.15,283.75,294.07,287.89,288.36,284.02,291.77,5.63,216,1006,1029,1016,1015.94,1014,1019,3.98,216,20,100,62,62.58,44.5,82.5,22.53,216,0,8.7,2.99,3.42,2.1,4.6,1.87,216,0,3,0,0.25,0,0.3,0.59,216,0,92,40,43.43,1,90,38.97,216
134,277.13,297.98,283.83,290.92,287.08,287.08,283.52,290.58,4.79,216,1004,1032,1016,1015.94,1012,1021,6.15,216,19,100,66.5,64.14,42,87,24.41,216,0,8.7,3.1,3.45,2.1,4.56,1.71,216,0,3,0,0.23,0,0.3,0.55,216,0,92,46.5,47.86,1,90,40.46,216
135,279.55,297.3,282.34,291.96,285.64,286.58,283.19,289.94,4.48,216,1002,1035,1017,1017.13,1009,1023.5,8.04,213,19,100,64,62.83,42,87,23.8,211,0,9.3,2.73,3.06,1.69,4.1,1.7,216,0,12,0,0.33,0,0,1.46,216,0,92,40,43.51,1,90,40.33,216
136,278.12,302.37,283.96,294.82,288.45,288.61,285.12,291.71,5.24,216,1002,1032,1015,1015.57,1009,1022,7.59,216,21,100,57,59.67,41,81,21.91,214,0,10.8,3.44,3.94,2.41,5.1,2.14,216,0,3,0,0.09,0,0,0.27,216,0,92,40,44.33,1,90,37.39,216
137,277.4,300.01,285.61,295.22,290.57,289.98,287.94,292.7,4.75,216,1004,1030,1016,1016.08,1012,1019,4.92,216,22,100,57,59.22,43,77,20.46,216,0,11.3,3.12,3.59,2.24,4.6,2.18,216,0,3,0,0.14,0,0.3,0.3,216,1,92,72,50.77,1,90,37.96,216
138,283.48,304.42,286.07,296.79,290.86,291.07,287.07,294.28,4.59,216,1004,1026,1017.5,1016.85,1013,1021,5.97,204,29,100,60.5,61.8,44,79.5,20.48,204,0,6.7,2.16,2.56,1.42,3.6,1.57,216,0,12,0,0.73,0,0.3,2.53,216,0,100,39,38.28,1,75,37.76,216
139,282.01,306.21,286.96,296.19,290.9,291.46,288.56,293.51,4.87,216,1006,1027,1019,1018.97,1016,1022,4.55,193,26,100,57,56.72,39,71,18.91,193,0,8.7,2.6,2.81,1.59,3.6,1.68,216,0,12,0,1.32,0,0,3.69,216,0,90,1,27.31,1,48,34.71,216
140,281.07,304.81,286.32,295.79,289.59,290.79,286.52,293.69,5.64,216,1009,1028,1019,1019.03,1016,1023,4.87,194,25,100,55,57.72,40,72,21.58,194,0,8.7,3.1,3.07,1.8,4.1,1.75,216,0,12,0,1.47,0,0.3,3.67,216,0,97,40,39.66,1,75,37.48,216
141,282.08,302.62,286.29,296.71,289.89,290.8,287.08,294.24,4.82,216,1005,1032,1019.5,1019.67,1013,1026,7.48,210,17,100,54.5,60.44,43,83,23.72,210,0,8.7,3.34,3.53,2.6,4.6,1.67,216,0,12,0,0.54,0,0.3,1.97,216,0,99,1,31.76,1,82.5,39.19,216
142,281.36,299.2,285.31,295.31,290.02,290.11,287.23,293.23,4.34,216,1006,1034,1020,1020.51,1014,1028,7.4,214,23,100,51,55.08,39,68,19.56,214,0,8.7,2.76,3.04,1.69,4.1,1.83,216,0,12,0,0.23,0,0,1.17,216,0,97,5,30.23,1,60.5,34.13,216
143,283.93,304,286.77,296.46,290.06,290.92,287.15,293.43,4.77,216,1006,1028,1018,1016.96,1013,1022,5.88,215,20,100,63,63.98,49,82,19.92,215,0,6.7,2.6,2.6,1.5,3.57,1.42,216,0,3,0,0.3,0,0.3,0.57,216,0,92,56,48.96,1,90,38.1,216
144,282.87,304.03,287.22,296.09,290.64,291.41,288.13,294.1,4.55,216,1007,1029,1014,1014.97,1012,1016,5.13,216,29,100,77,70.02,49,92.5,21.63,216,0,9.26,2.6,2.96,1.57,4.1,1.67,216,0,3,0,0.32,0,0.9,0.52,216,0,100,75,55.35,4.5,90,38.27,216
145,284.04,300.68,287.83,296.28,291.42,291.4,288.17,293.82,3.76,216,1007,1028,1013,1016.12,1011,1022,6.62,216,18,100,62,62.51,47,82,19.99,216,0,11.3,3.15,3.4,2.01,4.11,2.11,216,0,3,0,0.15,0,0.3,0.41,216,0,100,75,52.83,12,90,37.17,216
146,282.23,303.93,285.98,297.27,290.14,291.24,287.37,294.26,4.94,216,1000,1027,1018.5,1017.38,1013.5,1023,6.68,216,15,100,63.5,65.32,48,87,22.38,216,0,8.7,3.1,3.42,2.1,4.6,1.75,216,0,3,0,0.13,0,0,0.41,216,0,90,28,41.92,1,90,39.41,216
147,280.13,304.22,288.49,299.81,293.46,293.43,288.73,298.65,6.49,216,997,1023,1017,1014.71,1011,1020,6.52,216,26,100,64.5,63.94,48,78,19.06,216,0,10.8,3.38,3.37,2.1,4.32,1.82,216,0,3,0,0.13,0,0,0.48,216,0,98,20,37.26,1,86,38.69,216
148,281.2,302.81,289.18,299.21,294.01,293.88,290.98,297.63,4.89,216,1006,1025,1014,1015.2,1012,1018,4.24,216,30,100,64,63.61,53.5,77,16.79,216,0,8.7,3.1,3.18,1.72,4.12,1.67,216,0,3,0,0.14,0,0,0.48,216,0,90,20,33.82,1,75,35.46,216
149,281.36,304.88,287.96,297.61,291.53,291.89,288.57,294.63,4.47,216,1004,1028,1018,1017.32,1013.5,1020,4.62,213,28,100,72,68.54,57.5,82,16.76,213,0,8.2,2.75,2.92,1.92,3.65,1.63,216,0,12,0,0.16,0,0,1.16,216,0,92,39,42.72,1,90,38.72,216
150,281.07,303.23,287.56,295.1,291.03,290.98,286.86,294.03,5.5,216,1004,1026,1018,1017.1,1014,1021,5.33,216,32,100,77,75.28,65.5,87,15.61,216,0,6.69,3.03,2.84,1.75,4.1,1.55,216,0,3,0,0.19,0,0.3,0.45,216,0,100,90,59.78,19,90,39.01,216
151,281.15,300.91,287.67,295.6,291.22,290.9,286.71,295.02,5.27,216,1006,1023,1019,1017.17,1014,1021,4.54,212,32,100,83,78.52,65,93,17.49,212,0,9.26,2.6,2.73,1.58,3.6,1.6,216,0,12,0,0.45,0,0,1.72,216,0,98,75,59.85,20,90,37.05,216
152,282.11,305.84,288.89,298.27,293.05,292.81,289.34,296.21,5.27,216,1004,1023,1017,1016.4,1014,1019,4.33,215,28,100,72,69.93,52,93,21.19,215,0,9.8,3.1,3.14,2.1,4.11,1.86,216,0,3,0,0.13,0,0,0.4,216,0,90,40,45.19,13.5,82.5,34.21,216
153,283.54,305.92,288.24,298.8,292.74,293.14,290.07,296.91,4.98,216,1007,1027,1018,1017.34,1014,1022,5.19,215,21,100,67,65.9,44,88,24.23,214,0,7.7,2.24,2.45,1.5,3.1,1.65,216,0,3,0,0.35,0,0.3,0.87,216,0,92,20,35.6,1,75,36.9,216
154,284.01,304.62,288.38,298.25,293.3,293.22,289.18,296.46,5.03,216,1005,1025,1016.5,1015.74,1011.5,1020,5.67,216,21,100,62,63.25,45,82.5,22.24,216,0,9.8,2.68,2.86,1.8,3.63,1.68,216,0,3,0,0.3,0,0,0.85,216,0,92,6.5,29.69,1,75,35.11,216
155,283.9,303.22,288.33,297.37,291.63,292.3,289.44,295.23,4.56,216,1002,1024,1014,1014.09,1010,1018,5.3,216,22,100,70,68.37,55.5,83,19.13,216,0,8.2,2.6,2.98,1.56,4.1,1.77,216,0,3,0,0.21,0,0.3,0.5,216,0,92,45,47.31,1,87,36.3,216
156,282.6,303.37,288.08,297.43,292.51,292.14,289.32,295.02,4.7,216,1003,1025,1013,1013.6,1009,1017,5.45,216,25,100,72,69.83,55,88,19.83,216,0,6.7,2.6,2.61,1.6,3.1,1.27,216,0,3,0,0.3,0,0.3,0.73,216,0,99,75,56.11,20,88,34.81,216
157,285.34,306.06,288.93,297.33,292.36,292.64,290.1,294.8,4.13,216,1001,1023,1012,1010.87,1007,1014,5.21,215,21,100,76,72.15,58,88,19.13,215,0,8.75,2.44,2.81,1.54,3.6,1.63,216,0,3,0,0.34,0,0.3,0.72,216,0,99,75,55.29,7.5,90,37.22,216
158,285.33,306.88,289.6,298.54,293.81,293.82,289.43,296.61,5.32,216,1003,1022,1008.5,1010.15,1006,1014,5.04,216,23,100,65,66.1,48,87,19.26,216,0.51,11.8,3.1,3.15,2.06,3.91,1.58,216,0,3,0,0.18,0,0.3,0.43,216,0,90,40,43.25,1,75,36.3,216
159,284.01,306.03,288.71,298.01,292.97,293.2,289.5,296.96,4.93,216,997,1023,1015,1013.94,1011,1019,5.97,216,26,97,56.5,59.38,45,72.5,17.48,216,0.31,8.2,2.66,3.14,2.07,3.86,1.63,216,0,12,0,0.12,0,0,0.89,216,0,92,20,35.54,1,75,34.81,216
160,283.42,305.57,288.4,298.18,291.6,292.93,289.12,297.1,4.77,216,999,1023,1016,1014.65,1013,1017.5,5.36,216,25,100,63,65.26,51.5,82.5,20.06,216,0.31,9.77,2.61,2.9,1.5,4.1,1.69,216,0,3,0,0.18,0,0,0.54,216,0,100,20,34.05,1,75,35,216
161,283.79,304.99,289.1,299.41,294.2,293.78,290.38,296.86,4.88,216,1001,1027,1013,1013.19,1008,1016,6.07,216,26,100,63,63.69,46.5,82.5,21.83,216,0.51,11.82,2.8,3.1,1.75,4.1,1.62,216,0,12,0,0.34,0,0.3,1.05,216,0,100,20,37.43,1,75,35.27,216
162,284.71,302.57,289.9,298.7,293.88,294.25,291.2,297.59,4.21,216,1007,1025,1015,1015.49,1013,1018,3.5,216,26,99,59,62.07,45.5,77.5,20.99,216,0.51,9.25,2.55,2.74,1.54,3.6,1.57,216,0,3,0,0.14,0,0.3,0.31,216,0,92,20,32.93,0,75,36.05,216
163,284.08,305.41,290.46,299.14,293.47,294.1,291.35,296.39,4.22,216,1005,1021,1016,1015.49,1014,1018,3.28,216,27,100,66.5,67.82,53,85.5,19.65,216,0.51,9.3,3.09,3.08,1.51,4.1,1.72,216,0,3,0,0.19,0,0.3,0.46,216,0,100,40,45.72,8,90,38.29,216
164,283.56,306.22,290.24,299.17,294.71,294.79,290.96,298.15,4.74,216,1002,1024,1016,1014.62,1011,1019,6.13,216,30,98,67.5,66.37,44.5,88,22.28,216,0.51,13.88,2.6,2.92,1.56,3.61,1.78,216,0,0.9,0,0.12,0,0.3,0.25,216,0,100,20,37.25,1,75,37.65,216
165,286.35,307.15,290.23,297.69,293.53,293.99,290.68,296.29,4.43,216,1003,1022,1013,1012.78,1009,1015,4.3,216,30,99,64,65.02,50.5,77,18.46,216,0.51,12.34,3.1,3.25,2.1,4.1,1.44,216,0,3,0,0.24,0,0.3,0.62,216,0,92,13,35.69,1,75,38.62,216
166,284.44,304.14,289.73,298.34,293.26,293.54,290.36,295.94,4.06,216,999,1029,1011.5,1012.85,1009,1015.5,6.32,216,25,100,62,63.43,46.5,83,21.01,216,0.51,10.3,3.08,3.39,2.09,4.12,1.92,216,0,3,0,0.13,0,0,0.47,216,0,92,20,37.17,1,75,36.33,216
167,284.47,301.38,288.6,298.7,293.35,293.34,290.18,296.4,3.96,216,1000,1030,1015,1014.84,1011,1017,6.78,216,26,100,55,60.3,44.5,76,20.34,216,0.46,8.2,2.6,2.96,1.72,3.71,1.63,216,0,3,0,0.5,0,0,1.07,216,0,92,20,32.68,1,75,36,216
168,287.17,301.08,289.51,297.94,293.19,293.67,290.98,296.54,3.31,216,1006,1030,1014,1014.99,1011,1017,5.69,216,25,100,68,67.01,49.5,82.5,20.47,216,0.51,8.2,2.24,2.61,1.51,3.6,1.48,216,0,3,0,0.49,0,0.3,0.95,216,0,100,7,33.34,1,75,37.71,216
169,286.25,303.78,290.17,298.83,294.63,294.53,291.81,296.85,3.63,216,1007,1026,1015,1015.62,1014,1018,4.29,216,23,100,66,64.78,52,78,18.65,216,0.51,5.14,2.1,2.34,1.41,3.1,1.17,216,0,3,0,0.43,0,0.3,0.98,216,0,92,10,32.88,1,75,37.11,216
170,285.87,304.57,291.65,300.63,294.81,295.98,293.07,299.63,4.25,215,1008,1023,1015,1015.47,1012,1019,4.24,215,26,100,67,65.78,51,82,19.04,215,0.16,7.71,2.6,2.88,1.54,3.66,1.46,215,0,3,0,0.45,0,0.3,1,215,0,92,40,40.95,1,88,39.02,215
171,289.8,304.91,292.57,300.64,295.74,296.11,292.93,298.62,3.59,216,1006,1026,1012,1013.76,1010,1016.5,5.38,216,36,96,78,73.64,58,88,17.54,216,0.51,8.2,2.6,3,1.92,3.99,1.46,216,0,3,0,0.51,0,0.3,0.96,216,0,92,40,45.53,1,90,36.96,216
172,287.47,303.51,291,300.21,294.52,295.22,292.5,297.56,3.66,216,998,1026,1014,1013.73,1010.5,1018,5.53,216,26,100,72,69.93,56,88,19.1,216,0.51,9.8,2.66,2.85,1.92,3.38,1.38,216,0,12,0,1.01,0,0.3,3.13,216,0,92,20,39.01,1,89,38.88,216
173,287.03,303.48,292.4,300.8,295.99,296.25,293.8,298.53,3.52,216,996,1026,1010,1011.09,1007,1015,6.75,216,31,100,63,66.18,50.5,88,20.04,216,0.51,11.82,3.09,3.18,2.09,3.98,1.53,216,0,12,0,0.94,0,0.3,2.59,216,0,92,20,32.8,1,75,34.98,216
174,287.45,305.48,290.55,300.54,295.86,295.76,292.72,298.48,3.87,216,1002,1026,1013,1013.27,1010,1015,5.27,216,25,100,64,62.31,48.5,78,18.04,216,0.16,11.82,3.08,3.21,1.71,4.1,1.83,216,0,12,0,0.86,0,0,3.05,216,0,90,8,24.98,1,42,29.84,216
175,284.94,305.54,290.98,300.52,296.39,295.66,291.3,299.42,4.6,216,1004,1024,1013,1014.26,1011,1018,5.11,216,30,93,62.5,62.15,49.5,76,16.17,216,0.51,8.2,3.08,3.29,2.1,4.39,1.53,216,0,0.9,0,0.06,0,0,0.17,216,0,92,8,28.76,1,61.5,34.93,216
176,287.55,304.07,291.49,300.84,296.64,296.28,293.04,299.33,3.78,216,1002,1029,1012,1014.6,1009,1021,7.45,216,25,100,64,62.83,48,78,18.5,216,0.51,8.2,2.99,3.21,2.06,3.99,1.62,216,0,3,0,0.1,0,0,0.42,216,0,92,7,29.32,1,75,35.21,216
177,288.93,306.65,292.35,301.78,296.67,296.79,294.37,299.51,3.72,216,1008,1027,1016,1016.44,1013,1020,5.4,216,23,94,60.5,59.48,41.5,77,18.68,216,0.24,9.3,2.6,2.9,2.06,3.6,1.48,216,0,12,0,0.17,0,0,1.17,216,0,92,20,32.62,1,75,32.88,216
178,287.28,306.42,291.74,301.67,296.42,296.69,294.1,299.66,3.91,216,1009,1026,1015.5,1016.85,1014,1022,4.77,216,22,95,60,60.5,44.5,74.5,18.8,216,0.51,7.7,2.82,3,2.03,3.6,1.42,216,0,3,0,0.08,0,0,0.32,216,0,95,24,33.11,1,74,32.64,216
179,288.63,304.77,292.52,300.26,296.42,296.4,293.39,298.96,3.77,216,1005,1022,1017.5,1016.44,1014,1020,4.41,216,27,100,64,64.39,53.5,77,16.32,216,0.51,8.2,2.88,3.08,1.99,4.1,1.54,216,0,3,0,0.17,0,0,0.49,216,0,92,40,41.32,1,75,35.98,216
180,287.02,307.13,292.3,301.11,295.92,296.41,293.78,299.45,4.6,216,1003,1026,1015,1014.44,1008,1021,6.64,216,31,100,73,70.05,53,87,18.79,216,0.51,9.8,2.6,3.16,1.5,4.6,1.85,216,0,3,0,0.32,0,0.3,0.69,216,0,91,40,45.05,1,76,37.41,216
181,289.01,308.83,293.26,302.75,297.07,297.67,294.56,300.58,4.24,216,997,1026,1013,1013.63,1009,1020,7.29,216,33,100,65,65.88,49,82,18.98,216,0.51,6.7,3.1,3.19,2.1,4.1,1.42,216,0,12,0,0.3,0,0,1.46,216,0,92,20,30.18,1,44,31.48,216
182,290.07,308.72,293.36,302.34,297.27,297.8,294.93,300.35,4.18,216,998,1021,1014.5,1012.92,1011,1017,5.5,216,28,97,64,63.22,51.5,74,15.16,216,0.45,9.3,3.1,3.18,2.1,4.1,1.59,216,0,3,0,0.06,0,0,0.25,216,0,90,3.5,21.97,1,40,26.64,216
183,290.48,307.14,293.56,302.67,297.18,297.64,295.28,299.68,3.47,216,1004,1018,1012,1012.42,1011,1014,3.01,216,31,97,73,71.66,62,83,14.86,216,0,9.3,2.6,3.1,2.1,4.1,1.64,216,0,12,0,0.28,0,0.3,1,216,0,90,32,36.8,1,75,35.06,216
184,290.34,306.76,293.77,301.91,296.95,297.74,295.02,299.97,3.79,216,1005,1019,1012,1012.39,1011,1015,3.15,216,28,100,73,70.12,53,88,19.34,216,0,11.3,2.6,3,1.95,3.64,1.7,216,0,12,0,0.19,0,0,0.92,216,0,90,20,37.65,1,75,35.43,216
185,288.57,305.93,293.52,301.65,297.92,297.24,294.45,300.28,4.34,210,1006,1029,1014,1014.4,1010,1018,4.61,210,31,96,69,67.91,54,87,18.43,210,0.13,7.2,2.1,2.46,1.5,3.1,1.28,210,0,12,0,0.18,0,0,0.89,210,1,90,40,46.62,1,81,35.79,210
186,288.79,305.34,292.81,301.15,296.35,296.5,293.89,299.15,3.76,216,1010,1031,1016,1017.26,1014,1019,4.96,216,30,100,77,72.16,59.5,88,17.19,216,0,6.7,2.25,2.55,1.5,3.6,1.35,216,0,3,0,0.22,0,0.3,0.62,216,1,92,51.5,50.23,20,90,35.8,216
187,288.39,306.79,292.94,302.78,297.45,297.46,294.63,300.56,4.08,216,1008,1032,1019,1018.48,1015,1022,4.9,216,20,100,69,69.44,58,87,18.35,216,0,7.7,2.55,2.85,1.5,4.1,1.74,216,0,3,0,0.12,0,0,0.48,216,0,90,40,37.25,1,75,32.07,216
188,290.54,307.55,294.69,303.72,298.55,298.86,296.29,301.42,3.78,216,1008,1023,1017,1017,1014.5,1020,3.63,216,28,100,69,67.82,55,81.5,16.72,216,0.45,7.2,2.48,2.62,1.54,3.54,1.28,216,0,12,0,0.15,0,0,0.86,216,0,90,1,26.43,1,40,32.08,216
189,288.86,307.19,294.52,303.01,297.3,298.3,295.6,300.86,3.92,216,1006,1028,1015,1015.14,1011,1019,5.33,216,35,100,72.5,70.21,58,83,15.87,216,0,7.2,3.1,3.01,2.02,4.1,1.53,216,0,12,0,0.31,0,0,1.08,216,0,90,40,41.36,1,75,37.72,216
190,287.07,307.04,294.49,302.6,298.01,298.26,295.86,300.95,3.89,216,1004,1029,1014,1014.29,1009,1016,5.78,216,36,100,78,73.62,61.5,88,16.5,216,0,8.2,2.6,2.84,1.97,3.6,1.48,216,0,3,0,0.23,0,0.3,0.59,216,0,99,40,39.11,1,75,36.51,216
191,289.8,305.6,293.09,302,296.35,297.28,294.07,300.78,3.99,215,1005,1026,1015,1014.51,1012,1016,4.3,215,29,100,72,68.17,54,83,18.26,215,0,9.8,2.6,2.76,1.6,3.6,1.45,215,0,12,0,0.23,0,0,0.96,215,0,90,20,35.11,1,75,36.19,215
192,290.35,305.98,293.29,301.99,296.96,297.4,294.77,299.79,3.42,216,1005,1027,1015,1014.81,1013,1017,3.23,216,26,100,71.5,69.87,56,88,18.44,216,0,10.8,2.6,2.84,1.5,3.6,1.84,216,0,12,0,0.36,0,0,1.51,216,0,90,38,40.09,1,75,35.54,216
193,290.44,303.41,294.06,301.69,297.46,297.66,295.73,300.26,2.98,216,1003,1029,1015,1015.19,1013,1019,5.01,216,37,100,71,70.36,60,83,15.79,216,0,10.3,3.1,3.22,2.1,4.1,1.67,216,0,3,0,0.12,0,0,0.31,216,1,92,40,48.33,20,75,32.12,216
194,289.97,305.48,293.8,302.69,297.81,297.95,295.52,300.75,3.45,216,1004,1033,1017,1015.23,1009.5,1020,6.13,216,27,100,73,70.83,54.5,88,18.92,216,0,7.7,2.58,2.78,1.5,3.73,1.62,216,0,3,0,0.15,0,0,0.52,216,1,92,40,40.12,1,75,35.68,216
195,290.4,304.75,293.84,301.66,297.19,297.67,295.16,300.36,3.19,216,1006,1025,1016,1016.28,1013,1020,5.08,216,29,96,73,69.82,57,83,16.49,216,0.45,9.3,2.6,2.99,1.86,4.1,1.58,216,0,3,0,0.06,0,0,0.25,216,0,92,25,38.36,1,75,35.26,216
196,291.02,304.72,293.57,301.51,296.58,297.18,294.31,299.53,3.43,216,1001,1027,1017,1016.32,1013,1021,5.71,216,29,100,80,75.46,64,93,19.36,216,0,8.7,2.67,2.85,2.02,3.6,1.51,216,0,3,0,0.26,0,0.3,0.55,216,0,100,75,53.5,20,90,36.04,216
197,292.01,305.18,294.43,302.26,297.3,297.92,295.83,300.1,3.09,216,1001,1027,1017,1015.87,1013.5,1020.5,6.22,216,33,100,77,75,61,93,17.82,216,0,8.7,2.6,2.81,1.5,3.99,1.65,216,0,3,0,0.21,0,0.3,0.51,216,0,92,40,48.05,18.5,75,33.08,216
198,289.1,307.26,293.7,302.78,297.53,298,295.07,300.43,4.08,216,1007,1027,1017,1017.48,1014.5,1023,5.27,216,38,100,65,66.77,52,82,16.92,216,0,8.23,2.41,2.76,1.52,3.85,1.61,216,0,0.9,0,0.08,0,0,0.22,216,0,92,20,31.6,1,75,34.37,216
199,288.35,307.48,293.9,302.99,298.17,298.03,294.93,300.62,4.16,215,1008,1030,1017,1017.84,1015,1021,5.16,215,34,100,72,70.97,59,83,16.36,215,0,7.2,2.41,2.63,1.54,3.6,1.47,215,0,12,0,0.13,0,0,0.87,215,0,92,1,25.07,1,40,32.14,215
200,289.14,307.2,294.12,302.91,297.3,298.04,295.49,300.72,3.79,216,1009,1030,1017,1017.67,1013,1021,5.09,216,24,100,73.5,70.56,58,88,18.4,216,0,9.3,2.5,2.81,1.5,3.6,1.67,216,0,3,0,0.38,0,0,0.89,216,0,92,40,41.26,1,75,34.74,216
201,289.27,309.41,295.1,303.6,298.98,299.09,296.28,301.15,4.44,216,1007,1025,1016,1016.78,1013,1019,4.6,216,32,94,66,65.22,52,79.5,16.21,216,0.45,8.2,3.09,2.97,2.06,3.88,1.48,216,0,3,0,0.08,0,0,0.25,216,0,92,20,39.75,1,90,39.3,216
202,290.48,309.18,296.31,305.06,300.21,300.47,298.19,303.67,4.54,216,1005,1031,1014,1014.9,1010,1021,6.2,216,34,95,63,61.75,49,74,15.31,216,0,7.2,2.6,2.84,1.71,3.88,1.44,216,0,0.3,0,0.03,0,0,0.1,216,0,92,1,24.05,1,40,31.61,216
203,289.36,309.07,294.91,303.97,299.84,299.58,296.37,303.1,4.6,216,1001,1031,1012,1013.58,1008.5,1020,6.41,216,30,94,62,62.57,49,76,16.04,216,0,7.2,2.6,2.84,2.03,3.6,1.42,216,0,3,0,0.06,0,0,0.26,216,0,90,20,25.38,1,40,28.12,216
204,290.43,307.16,294.2,303.61,298.95,298.85,296.06,301.63,3.8,216,1002,1026,1013,1013.4,1010,1016,4.45,216,29,100,65,64.91,52.5,77.5,15.91,216,0,8.2,3.1,3.41,2.1,4.6,1.79,216,0,3,0,0.2,0,0,0.57,216,0,100,20,32.33,1,75,34.53,216
205,289.22,308.04,294.05,302.09,297.36,297.89,295.43,300.1,3.72,216,1006,1022,1013,1013.45,1010,1017,4.31,216,24,100,69,68.23,54.5,83,18.71,216,0,8.7,3.1,3.49,2.22,4.6,1.66,216,0,12,0,0.37,0,0.3,1.07,216,1,100,75,52.5,8,90,37.23,216
206,289.75,305.78,293.35,301.86,297.17,297.22,294.37,300.02,3.53,216,1000,1023,1014,1013.85,1010,1018,5.31,216,27,100,72.5,69.39,59.5,83,17.68,216,0,8.2,3.08,3.1,2.09,3.87,1.59,216,0,12,0,0.44,0,0.3,1.06,216,0,92,68,49.25,1,75,36.16,216
207,289.55,305.97,293.11,301.47,297.31,296.99,294.15,299.95,3.84,216,1002,1022,1015,1014.69,1014,1018,4.3,216,32,99,73,69.17,56,83,18.14,216,0.51,6.7,2.81,2.99,2.08,4.1,1.41,216,0,3,0,0.24,0,0.3,0.62,216,0,100,56,48.06,20,75,35.56,216
208,289.78,307.36,293.21,302.11,296.52,297.27,294.28,300.67,4.34,216,1010,1025,1015,1015.92,1013,1017,4.22,216,26,100,68,67.61,53,83,18.73,216,0,8.2,2.6,2.7,1.52,3.6,1.49,216,0,3,0,0.13,0,0,0.47,216,0,100,40,43.03,1,75,36.98,216
209,290.68,308.53,293.86,303.11,297.88,298.21,295.03,301.31,4.2,216,1004,1025,1015,1015.07,1013,1017,4.25,216,26,94,69,65,51,78,16.48,216,0,7.7,2.6,2.67,1.5,3.6,1.57,216,0,3,0,0.14,0,0,0.34,216,0,100,20,38.06,1,75,37.27,216
210,289.63,307.25,293.98,303.1,297.82,298.39,295.17,301.24,3.99,216,999,1021,1015,1012.93,1011,1016,5.34,216,33,100,71,70.99,57,88,18.37,216,0,7.2,2.11,2.58,1.5,3.33,1.48,216,0,12,0,0.34,0,0,1.14,216,0,90,20,30,1,40,29.64,216
211,291.84,306.8,293.81,301.57,297.1,297.69,294.94,299.73,3.71,216,1002,1019,1014,1013.22,1011,1016,3.3,216,38,97,65,67.43,53.5,83,16.53,216,0,8.75,2.6,3.12,2.06,4.1,1.68,216,0,3,0,0.16,0,0,0.52,216,0,92,40,38.62,1,75,33.16,216
212,288.13,307.17,293.55,302.05,298.17,297.64,294.64,300.07,3.99,216,1006,1022,1014.5,1014.2,1012,1016,3.5,216,28,100,67,66,49,83,19.21,216,0,8.7,2.16,2.58,1.5,3.6,1.54,216,0,3,0,0.11,0,0,0.36,216,0,92,12,26.67,1,40,31.39,216
213,286.92,304.11,291.72,301.13,296.62,296.46,293.8,299.13,3.85,216,1009,1021,1017,1016.06,1015,1019,3.44,216,33,100,68,67.76,54,83,17.18,216,0,6.7,2.52,2.57,1.5,3.28,1.4,216,0,3,0,0.28,0,0.3,0.7,216,0,90,14,29.85,1,75,35.79,216
214,289.09,304.79,292.72,301.84,296.27,296.92,294.26,299.79,3.74,216,1008,1023,1017,1016.55,1015,1019,3.58,216,35,100,73,71.13,57,88,17.32,216,0,9.3,2.6,2.46,1.5,3.1,1.39,216,0,3,0,0.2,0,0,0.64,216,0,90,20,36.2,1,75,35.87,216
215,289.29,304.83,293.57,300.41,296.59,296.74,293.76,299.28,3.45,216,1009,1032,1017,1016.69,1014,1019,3.66,216,30,100,78,73.19,64,88,16.26,216,0,9.3,2.6,2.88,2.03,3.6,1.53,216,0,3,0,0.26,0,0.3,0.62,216,1,97,64,50.56,20,75,34.42,216
216,289.11,305.83,292.89,301.53,296.94,296.95,293.76,300.03,3.98,216,1008,1022,1019,1016.96,1012.5,1020,4.19,216,33,100,70,70.63,54,88,18,216,0,8.2,2.22,2.53,1.53,3.1,1.48,216,0,12,0,0.13,0,0,0.89,216,0,92,20,33.06,1,75,33.1,216
217,289.23,304.55,292.95,301.45,296.62,296.81,294.14,299.39,3.39,216,998,1021,1017,1015.81,1012,1019,4.5,216,29,100,75,73.77,63,88,16.27,216,0,19.5,2.55,2.78,1.52,3.1,2.23,216,0,12,0,0.34,0,0.3,1.03,216,0,92,40,39.39,1,75,35.3,216
218,289.38,305.14,292.58,301.82,297,297.15,294.31,299.73,3.69,216,1010,1022,1015,1015.48,1013,1018,3.19,216,31,100,69,68.34,53,85,18.31,216,0,8.74,2.57,2.64,1.54,3.47,1.4,216,0,3,0,0.13,0,0,0.54,216,0,90,20,29.39,1,75,33.01,216
219,287.43,305.86,292.27,301.32,296.69,296.74,294.24,299.27,3.94,216,1005,1023,1015,1015.31,1012.5,1019,4.03,216,35,97,65.5,65.74,52,78,16.15,216,0,6.7,2.6,2.78,1.76,3.87,1.46,216,0,3,0,0.06,0,0,0.37,216,0,90,1,21.67,1,40,27.17,216
220,286.33,304.15,292.19,300.94,296.63,296.52,293.63,299.42,3.89,216,1005,1025,1015.5,1015.21,1013,1019,4,216,33,96,69,67.79,56,82,16.02,216,0,9.3,2.6,2.81,1.63,3.5,1.51,216,0,3,0,0.16,0,0,0.52,216,0,90,1.5,26.59,1,46.5,33.15,216
221,289.45,303.99,292.02,300.81,296.06,296.17,293.28,298.63,3.5,216,1004,1022,1016,1015.38,1013,1019,4.1,216,37,100,70,70.14,55,85,17.07,216,0,7.2,2.26,2.44,1.5,3.1,1.27,216,0,3,0,0.08,0,0,0.28,216,0,93,38.5,38.91,1,75,33.84,216
222,289.06,304.54,292.61,301.72,296.67,296.99,293.97,299.9,3.62,216,980,1033,1018,1014.62,1009,1020,11.16,216,36,100,75,70.04,53,87,18.66,216,0,8.2,2.41,2.71,1.59,3.6,1.45,216,0,12,0,0.17,0,0,0.88,216,0,92,20,33.64,1,75,33.66,216
223,290.36,307,293.48,302.26,297.49,297.61,294.95,300.12,3.57,216,973,1033,1017,1015.29,1012,1021,9.67,216,34,99,70,68.94,53,85,18.49,216,0,8.2,2.6,2.63,1.5,3.6,1.57,216,0,3,0,0.1,0,0,0.3,216,0,92,20,35.15,1,75,34.38,216
224,289.11,306.45,294.29,302,297.81,297.92,295.69,299.85,3.58,216,1007,1022,1015,1015.72,1014,1018.5,3.43,216,34,100,72,70.95,57,88,17.59,216,0,10.3,2.6,2.88,1.92,3.6,1.45,216,0,3,0,0.3,0,0.3,0.71,216,0,100,40,43.54,8,75,33.71,216
225,288.77,307.8,293.4,302.24,296.77,297.44,295.24,299.82,4.1,216,982,1022,1016,1014.78,1014,1017,4.16,216,37,100,74,72.31,60,83.5,15.79,216,0.51,8.23,2.59,2.85,1.85,3.6,1.47,216,0,12,0,0.25,0,0.3,0.96,216,0,92,40,43.2,1,75,35.81,216
226,290.11,308.1,294.97,301.67,297.39,297.96,295.81,299.37,3.59,216,978,1020,1014,1013.13,1011,1017,6.08,216,26,100,78,74.01,63,88,16.92,216,0,6.7,2.6,2.68,1.71,3.6,1.46,216,0,3,0,0.48,0,0.3,0.96,216,0,100,40,45.89,1,90,38.19,216
227,288.09,307.78,293.6,301.49,296.98,297.38,294.65,299.85,4.06,216,974,1022,1013,1013.56,1011,1017,4.83,216,32,100,73,71.13,61,83,15.98,216,0.45,6.7,2.6,2.63,1.58,3.6,1.18,216,0,12,0,0.18,0,0,0.9,216,0,92,20,35.28,1,75,35.83,216
228,288.05,305.42,292.85,301.01,296.15,296.8,294.15,299.11,3.62,216,976,1024,1015,1014.12,1012,1019,7.91,216,38,100,64,66.27,51.5,83,17.59,216,0,7.2,2.6,2.65,1.66,3.2,1.32,216,0,3,0,0.09,0,0,0.35,216,0,92,20,31.25,1,75,34.16,216
229,287.65,304.76,292.39,301,296.3,296.54,293.51,299.24,4.07,216,980,1024,1017,1014.07,1014,1020,11.02,216,37,100,69,68.52,57.5,78,15.45,216,0,7.2,2.51,2.53,1.5,3.31,1.29,216,0,3,0,0.09,0,0,0.29,216,0,100,20,32,1,75,36.16,216
230,286.95,305.81,293.41,301.55,297.21,297.11,294.98,299.69,3.79,215,984,1024,1016,1013.51,1013,1019,9.92,215,36,94,70,68.94,57,80,13.42,215,0.22,6.7,2.14,2.52,1.54,3.36,1.18,215,0,3,0,0.06,0,0,0.31,215,0,92,30,37.6,1,75,35.85,215
231,288.67,305.02,293.76,301.82,296.85,297.29,295.85,299.63,3.37,216,985,1025,1015,1014.14,1011,1017,7.17,216,35,100,78,74.08,60.5,88,15.76,216,0,9.3,2.22,2.45,1.5,3.27,1.41,216,0,12,0,0.31,0,0.3,1.03,216,0,100,40,44.33,1,80,36.84,216
232,290.7,305.6,293.87,301.14,296.45,297.08,294.82,299.16,3.3,216,1005,1025,1014,1014.59,1012,1017,3.97,216,42,100,77,74.33,64,86.5,14.34,216,0.33,9.3,2.21,2.74,1.61,3.42,1.75,216,0,0.9,0,0.1,0,0,0.23,216,0,92,71.5,51.52,18,85,34.83,216
233,290.57,303.96,293.15,300.47,296.63,296.83,294.36,299.11,3.16,216,984,1022,1016,1015.99,1014,1018,3.34,216,30,97,73,71.52,62.5,82,14.2,216,0,8.2,2.57,2.67,1.6,3.6,1.49,216,0,0.9,0,0.03,0,0,0.12,216,1,90,40,37.11,1,75,32.43,216
234,290.89,303.26,293.58,301.49,296.87,297.26,294.86,299.9,3.14,216,981,1029,1016,1015.93,1014,1018,4.66,216,29,100,73.5,73.33,62,88,15.74,216,0,7.7,2.57,2.74,1.54,3.6,1.52,216,0,3,0,0.17,0,0,0.59,216,0,92,26.5,35.91,1,75,32.04,216
235,290.58,304.99,293.85,301.39,296.51,297.35,295.14,299.28,3.29,216,982,1022,1013.5,1013.68,1011,1018,5.2,216,36,100,78,73.61,57,88.5,18.06,216,0.45,9.3,3.1,3.27,2.1,4.1,1.76,216,0,12,0,0.38,0,0.3,1.11,216,0,92,20,35.75,1,75,37.4,216
236,286.74,304.26,292.72,300,295.86,295.97,294.05,298.19,3.31,216,980,1027,1016,1014.61,1011,1017,5.59,216,34,100,76,72.24,60,88,17.27,216,0.31,8.7,3.07,3.05,2.1,4.1,1.49,216,0,3,0,0.21,0,0.3,0.57,216,1,90,22.5,38.32,1.5,75,33.6,216
237,288.53,305.98,291.77,301.04,295.9,296.2,293.18,298.8,4.15,216,980,1026,1016,1016.87,1014,1020,5.14,216,33,100,70,68.21,53,84,18.23,216,0,6.2,2.13,2.45,1.66,3.1,1.12,216,0,0.3,0,0.02,0,0,0.07,216,0,90,1,16.83,1,20,24.81,216
238,289.19,306.04,291.72,300.96,296.37,296.35,293.1,299.28,4.17,216,1006,1027,1020,1018.8,1015,1023,5.12,216,27,93,68,66.25,55,77.5,14.4,216,0,7.2,2.6,2.75,1.5,3.6,1.65,216,0,3,0,0.08,0,0,0.38,216,0,90,1,20.92,1,40,28.68,216
239,287.56,306.69,291.05,300.81,296.01,295.89,292.53,299.05,4.49,216,1008,1029,1020,1019.56,1016,1023,4.56,216,27,100,66,65.96,53,80.5,17.93,216,0,7.64,2.6,2.67,1.5,3.6,1.51,216,0,3,0,0.02,0,0,0.21,216,0,90,1,17.18,1,20,26.38,216
240,286.46,306.29,291.96,301.58,296.05,296.48,293.91,299.2,4.58,216,1003,1026,1018,1017.71,1016,1020,4.58,216,36,100,67,66.63,55,78,15.18,216,0,8.7,2.6,2.73,2.09,3.1,1.35,216,0,3,0,0.1,0,0,0.32,216,0,92,1,23.98,1,40,29.74,216
241,287.27,306.61,292.46,300.74,296.22,296.29,294.14,298.49,3.99,216,1004,1027,1017,1017.21,1012,1023,6.08,216,33,100,73,70.65,58.5,83,15.86,216,0,7.2,2.6,2.85,2.1,3.6,1.3,216,0,3,0,0.22,0,0.3,0.5,216,0,100,20,31.79,1,75,35.89,216
242,287.64,306.64,292.65,300.41,295.7,296.1,292.71,298.88,4.29,216,997,1026,1019,1016.79,1012,1022,6.53,216,34,100,74,70.42,57,83.5,17.61,216,0,7.7,2.6,2.9,1.56,3.98,1.54,216,0,3,0,0.14,0,0,0.51,216,0,92,20,39.78,1,84,36.97,216
243,288.86,304.26,292.17,301.03,296.18,296.43,293.52,299.18,4.05,216,997,1024,1016.5,1015.8,1014,1019,5.64,216,36,100,67,67.13,54,80.5,16.22,216,0,8.2,2.67,3.11,2.1,3.66,1.43,216,0,12,0,0.13,0,0,0.85,216,0,92,20,33.76,1,75,35.48,216
244,289.6,304.89,293.33,301.39,296.42,296.94,294.93,299.02,3.17,216,1008,1026,1016,1016.02,1013,1019,4.52,216,33,100,69,68.83,56.5,83,15.11,216,0,7.7,3.1,3.05,2.1,3.75,1.41,216,0,3,0,0.05,0,0,0.25,216,1,95,34,36.75,1,72,32.71,216
245,285,303.19,292.6,298.77,295.71,295.68,293.98,297.84,3.39,216,1005,1029,1016,1016.68,1011,1020,6.22,216,28,100,73,71.17,63,83,15.81,216,0,7.2,2.6,2.93,2.09,3.63,1.39,216,0,12,0,0.23,0,0.3,0.92,216,0,97,68,50.15,1,80,35.82,216
246,283.06,304.44,291.64,299.19,295.39,295.16,292.49,298.42,4.24,216,1001,1026,1016,1015.78,1011,1021,6.29,216,40,100,77,74.31,62,88,15.89,216,0.45,8.23,2.56,2.77,1.94,3.6,1.35,216,0,12,0,0.39,0,0,1.67,216,0,90,40,43.33,1,75,35.27,216
247,286.3,305.36,292.44,299.86,295.86,295.76,293.13,298.5,4.38,216,1006,1026,1016,1014.95,1010,1019,5.51,216,29,100,76.5,73.46,58,88,17.78,216,0,6.2,2.6,2.84,1.95,3.62,1.29,216,0,3,0,0.25,0,0,0.66,216,0,90,20,33.59,1,73.5,33.75,216
248,287.49,305.51,291.62,301.25,296.49,296.07,292.61,299.41,4.31,216,1006,1025,1017,1016.75,1013,1021,4.69,216,36,100,66,66.69,54,78,16.15,216,0,6.2,2.6,2.77,1.57,3.6,1.43,216,0,3,0,0.05,0,0,0.3,216,0,90,1,17.09,1,20,26.75,216
249,288.79,304.29,291.78,300.11,295.51,295.76,292.95,298.43,3.57,216,1005,1026,1019,1017.94,1014,1023,4.98,216,22,100,68,66.56,55,82,17.53,216,0,8.2,2.72,3.02,2.1,3.85,1.37,216,0,3,0,0.05,0,0,0.3,216,0,92,1,23.75,1,40,29.98,216
250,285.75,305.85,292.02,299.68,294.9,295.34,291.94,298.58,4.46,216,984,1024,1015,1013.66,1011,1021,9.46,216,35,100,72,69.61,56,85,16.65,216,0,9.3,2.9,3.14,2.1,3.75,1.61,216,0,3,0,0.12,0,0,0.4,216,0,90,20,35.83,1,75,36.62,216
251,285.45,304.69,290.43,299.02,294.79,294.15,290.96,296.32,4.12,216,984,1022,1016,1013.91,1012,1019,8.29,216,33,100,73,71.26,58.5,86,16.47,216,0,8.7,2.97,3.16,2.1,3.98,1.61,216,0,12,0,0.49,0,0.3,1.25,216,0,92,40,38.67,1,75,36.32,216
252,285.67,307.26,290.81,299.67,294.2,294.97,292.52,297.38,4.3,216,1009,1025,1017,1016.72,1014,1020,4.06,216,24,100,69,67.44,57,78,13.94,216,0,6.69,2.6,2.79,2.1,3.43,1.2,216,0,0.9,0,0.05,0,0,0.13,216,0,92,40,39.02,1,75,31.84,216
253,284.47,304.9,290.94,297.57,294.02,294.13,291.02,297.26,4.86,216,1007,1029,1022,1018.88,1013,1023,5.73,216,38,94,69,70.63,62,83,12.83,216,0,7.2,3.1,3.07,2.07,4.11,1.49,216,0,12,0,0.13,0,0,0.83,216,0,100,40,45.76,1,75,36.12,216
254,284.67,303.9,291.06,298.25,294.81,294.14,291.47,296.8,4.39,216,1006,1029,1020,1019.39,1015,1025,6.13,216,33,100,79.5,78.25,71,88,13.75,216,0,8.2,2.94,3.09,1.89,4.1,1.63,216,0,3,0,0.4,0,0.3,0.78,216,0,100,49,48.87,1,90,38.1,216
255,284.28,306.85,291.53,300.27,295.68,295.24,292.34,298.05,4.66,216,979,1028,1019,1017,1014,1021,7.77,216,27,100,78,74,61,88,17.3,216,0,10.3,3,3.19,2.1,4.11,1.76,216,0,3,0,0.18,0,0,0.53,216,0,90,26.5,38.95,1,75,37.5,216
256,285.78,302.75,290.59,298.87,295.08,294.69,291.81,297.55,3.83,216,977,1027,1019,1016.01,1013.5,1022,10.46,216,29,100,69,70.69,60,83,16.32,216,0.45,8.23,2.71,2.96,2.06,3.7,1.38,216,0,3,0,0.13,0,0,0.4,216,0,90,1,29.91,1,75,36.68,216
257,286.41,301.93,290.51,297.95,293.59,293.77,291.36,296.35,3.37,216,968,1032,1019,1014.93,1013,1024,14.24,216,39,100,77,74.38,64,87,14.67,216,0.45,8.2,3.1,3.25,2.1,3.96,1.36,216,0,3,0,0.22,0,0.3,0.52,216,0,100,75,54.02,20,90,35.79,216
258,285.33,304.04,289.93,296.91,293.9,293.07,290.02,295.81,3.91,216,973,1031,1018,1015.25,1014,1023,12.86,216,31,100,73,72.94,62.5,86,15.41,216,0,9.3,3.09,3.16,2.1,4.01,1.52,216,0,3,0,0.06,0,0,0.24,216,0,90,40,40.12,1,75,37.2,216
259,282.15,302.97,288.34,297.91,293.19,292.82,289.08,295.62,4.73,216,983,1028,1022,1017.07,1016,1023.5,11.77,216,30,100,67,67.07,52,83,18.53,216,0,7.7,2.24,2.62,1.66,3.1,1.37,216,0,0.3,0,0.01,0,0,0.06,216,0,90,1,24.24,1,40,31.6,216
260,284.74,302.2,289.42,297.49,293.08,293.02,289.66,295.55,3.86,216,981,1028,1021,1017.93,1018,1024,11.64,216,37,100,74,72.84,61.5,84,15.06,216,0,6.7,2.08,2.25,1.5,2.76,1.11,216,0,0.9,0,0.03,0,0,0.12,216,0,92,20,37.52,1,75,35.83,216
261,281.35,302.57,288.41,297.33,293.08,292.72,290.19,295.68,4.22,216,988,1026,1020,1017.95,1017,1022,8.32,216,24,100,77,72.81,63,87.5,18.34,216,0.4,6.2,2.49,2.48,1.54,3.13,1.11,216,0,3,0,0.03,0,0,0.21,216,0,90,15,33.11,1,75,37.57,216
262,282.85,301.71,289.55,297.62,293.35,293.12,290.3,296.08,4.42,216,987,1025,1016,1014.11,1014,1019.5,8.9,216,25,100,77,71.97,60,88,18.49,216,0,7.2,2.6,2.7,1.66,3.6,1.29,216,0,3,0,0.13,0,0,0.51,216,0,90,34,37.04,1,75,36.81,216
263,281.83,300.3,288.33,296.34,293.3,292.23,289.37,295.68,4.49,216,982,1028,1017,1015.46,1013,1023,11.26,216,18,96,71,68.14,52,83,18.94,216,0.45,7.2,3.09,2.96,1.83,3.78,1.33,216,0,3,0,0.14,0,0,0.49,216,0,92,1,25.72,1,48,33.9,216
264,281.24,300.25,287.89,296.85,293.33,292.13,288.62,295.36,4.63,216,979,1034,1021,1019.19,1016,1025,10.32,216,25,93,71,67.84,58,83,17.58,216,0,8.7,2.96,3.19,1.9,4.1,1.81,216,0,3,0,0.05,0,0,0.23,216,0,92,2,29.35,1,75,34.41,216
265,282.27,301.29,288.44,296.99,292.78,292.6,290.22,295.33,4.03,216,977,1036,1022,1018.86,1016,1025,12.4,216,25,97,73,70.13,61,83,16.88,216,0,5.7,2.68,2.82,1.89,3.6,1.29,216,0,0.3,0,0.05,0,0,0.11,216,0,95,20,31.49,1,64,33.06,216
266,283.49,302.67,289.09,297.73,293.32,293.16,290.42,295.16,4,216,968,1030,1019,1014.27,1014,1022,14.65,216,24,100,62,64.69,50,84,19.35,216,0,9.3,3.1,3.36,2.1,4.45,1.75,216,0,3,0,0.15,0,0,0.48,216,0,100,20,33.66,1,73.5,34.24,216
267,283.08,304.29,288.47,297.99,291.89,292.64,288.2,296.84,5.37,216,975,1027,1016,1015.93,1013,1023,9.49,216,26,94,62.5,62.06,49,76,16.5,216,0.45,8.23,2.6,3,1.68,3.68,1.6,216,0,0.9,0,0.02,0,0,0.09,216,0,90,1,18.93,0,20,31.11,216
268,279.93,304.72,287.07,297.47,291.95,291.92,288.34,294.88,4.71,216,1007,1033,1018,1019.32,1015,1026,7.33,216,32,100,64,65.11,50.5,79,15.82,216,0,8.7,2.69,3.01,2.04,4.1,1.48,216,0,0.9,0,0.09,0,0,0.22,216,0,98,1,28.7,1,75,36.54,216
269,282.24,303.51,286.9,296.32,290.99,291.31,287.95,294.3,4.33,216,978,1034,1019,1019.72,1016,1027,7.91,216,27,100,72,68.52,53,84.5,18.63,216,0,6.2,2.6,2.7,1.72,3.74,1.33,216,0,3,0,0.25,0,0,0.71,216,0,100,1,28.67,1,75,37.92,216
270,281.38,300.68,288.21,296.64,292.29,291.93,289.21,294.48,4.1,216,980,1031,1018,1017.67,1013,1022,6.64,216,32,100,76,73.22,59,87.5,16.8,216,0,9.3,2.41,2.74,1.68,3.6,1.54,216,0,0.9,0,0.05,0,0,0.19,216,0,90,1,25.18,1,44,33.41,216
271,283.36,302.8,288.01,297.41,292.41,292.29,289.22,294.89,4.19,216,1009,1033,1017,1018.22,1014,1021,5.35,216,35,100,73,72.63,62,88,15.8,216,0,7.2,2.26,2.63,1.6,3.1,1.38,216,0,3,0,0.07,0,0,0.33,216,0,92,20,30.84,1,75,35.11,216
272,285.35,300.21,289.11,297.02,292.37,292.59,289.66,295.43,3.68,216,988,1027,1016,1013.44,1011,1020,9.7,216,33,100,78,75.4,68,87,15.32,216,0.71,10.3,2.62,3.12,1.54,3.85,1.84,216,0,3,0,0.14,0,0,0.51,216,0,91,20.5,38.21,1,75,36.73,216
273,283.53,299.44,288.31,295.66,292.25,291.71,288.3,294.75,3.91,216,983,1028,1016,1014.77,1013,1020.5,10.26,216,38,100,76,73.57,61.5,87,15.17,216,0.45,7.37,2.6,3.01,1.5,4.1,1.77,216,0,3,0,0.07,0,0,0.25,216,0,92,20,38.54,1,80,37.8,216
274,282.66,297.16,287.29,293.36,290.14,290.44,287.27,293.34,3.58,216,982,1028,1017.5,1015.44,1009.5,1025,11.22,216,43,94,72,72.62,61,87,14.34,216,0.45,12.34,2.65,3.59,1.93,5.1,2.23,216,0,3,0,0.28,0,0.3,0.69,216,0,100,75,53.12,1,90,38.47,216
275,281.41,299.71,286.61,293.76,289.54,289.67,287.21,291.22,3.67,227,1009,1029,1020,1019.49,1015,1024,5.42,227,34,100,76,72.7,61,85,14.62,227,0,9.25,3.38,3.51,2.58,4.56,1.57,227,0,0.3,0,0.08,0,0.3,0.13,227,0,97,40,44.42,1,90,39.67,227
276,281,305.56,287.17,294.94,290.26,290.48,286.7,293.58,4.8,240,1006,1030,1019,1018.31,1014,1023,5.46,236,26,100,78,72.96,59,84,16.04,236,0,9.3,3.1,3.19,2.1,4.1,1.71,240,0,3,0,0.18,0,0.3,0.47,240,0,92,20,39.7,1,90,40.49,240
277,281.55,298.12,285.97,293.8,289.52,289.43,286.56,292,4.12,240,508,1038,1018,1017.59,1016,1021,33.57,239,34,100,77,75.93,64,88,15.22,239,0,9.3,2.51,2.77,1.5,4.1,1.98,240,0,3,0,0.19,0,0.3,0.49,240,0,100,20,38.11,1,90,39.19,240
278,283.93,300.51,287.3,294.17,290,290.21,287.89,292.5,3.48,240,999,1035,1018,1018.97,1015,1025,7.24,238,42,100,82,78.16,68,90,15.64,238,0,10.8,2.6,2.97,1.5,4.06,2.11,240,0,3,0,0.25,0,0.3,0.67,240,0,100,40,46.96,6.5,89.5,36.19,240
279,278.8,300.14,285.83,293.16,289.83,289.3,286.19,292.48,4.5,240,981,1037,1020,1018.83,1017,1024.5,11.32,240,37,100,76,73.73,62,86,14.91,240,0,9.3,2.6,2.99,1.72,4.1,1.77,240,0,0.3,0,0.02,0,0,0.07,240,0,90,22,37.83,1,75,34.92,240
280,281.03,299.72,286.53,294.61,290.99,290.13,288.14,292.87,4.15,240,981,1036,1020,1018.32,1017,1027,13.45,238,36,100,77,74.87,63,89,17.35,238,0,8.2,2.1,2.41,1.51,3.1,1.48,240,0,12,0,0.07,0,0,0.78,240,0,92,40,45.12,1,90,39.26,240
281,283.67,299,288.87,296.53,292.81,292.26,290.24,294.53,3.34,240,978,1035,1018,1017.18,1013,1022,11.1,240,43,100,77,76.79,64,89.5,14.97,240,0,9.3,2.6,3.06,1.53,4.6,1.85,240,0,3,0,0.07,0,0,0.26,240,0,100,47,47.15,1,90,39.28,240
282,280.33,298.29,287.08,293.49,289.92,289.93,286.92,292.39,3.8,240,983,1033,1018,1017.58,1013,1023,9.12,239,38,100,80,76.3,64,88,15.51,239,0,8.7,3.1,3.29,2.1,4.6,1.77,240,0,3,0,0.16,0,0.15,0.41,240,0,97,48,47.72,1,90,39.89,240
283,278.57,297.3,286.36,292.47,288.6,289.18,286.37,291.94,4.28,240,990,1030,1021,1017.81,1015,1024,10.2,236,37,100,79,75.32,62,93,18.06,236,0,10.8,3.11,3.5,2.1,4.6,2.08,240,0,3,0,0.2,0,0.3,0.56,240,0,100,75,57.92,16,90,37.99,240
284,282.56,299.81,286.41,292.73,288.98,289.27,285.51,292.06,4.31,240,506,1036,1020,1015.38,1016,1023,34.93,237,28,100,76,71.42,60,86,17.15,237,0,8.7,3.2,3.68,2.11,5.1,2.05,240,0,0.9,0,0.03,0,0,0.12,240,0,99,42,46.31,1,90,37.65,240
285,279.56,297.18,286.41,292.85,289.49,289.12,286.1,291.9,4.14,240,981,1041,1018,1016.58,1013,1020,11.92,240,27,100,81,75.69,61,89,17.54,240,0,10.8,2.8,3.18,2.09,3.66,1.93,240,0,3,0,0.18,0,0,0.5,240,0,100,75,53.39,1,90,40.54,240
286,280.7,296.77,284.19,292.37,287.78,287.8,284.6,290.58,3.81,240,986,1039,1020,1018.84,1014,1023,9.66,239,27,100,71,70.61,57,87,17.97,236,0,10.8,3.1,3.59,2.22,4.3,2.06,240,0,12,0,0.23,0,0,0.92,240,0,92,20,39.98,1,78,38.34,240
287,278.07,294.18,283.63,290.66,286.7,287.02,284.21,290.03,3.63,240,990,1033,1019,1018.83,1013,1026,8.72,238,32,100,76,74.4,64,87,15.17,238,0,10.3,3.04,2.99,1.97,3.9,1.58,240,0,0.9,0,0.06,0,0,0.16,240,0,99,40,43.64,1,75,36.88,240
288,272.77,298.07,284.22,292.3,287.98,287.78,284.77,291.18,5.02,240,1002,1038,1022,1020.83,1014,1027,8.61,240,27,96,77,72.64,63,87,16.62,239,0,5.51,2.6,2.74,2.01,3.6,1.32,240,0,3,0,0.06,0,0,0.23,240,0,96,1,31.12,1,75,37.14,240
289,279.55,299.35,284.61,293.61,289.47,288.74,284.66,292.64,4.68,240,987,1040,1018,1019.43,1014,1022,7.95,236,18,100,76,74.89,65,90,17.32,236,0,8.2,2.6,2.9,1.76,4,1.54,240,0,0.9,0,0.04,0,0,0.12,240,0,92,4,32.75,1,75,37.81,240
290,280.79,297.54,285.41,292.94,289.27,288.91,285.45,292.14,3.69,240,996,1037,1015,1014.76,1010,1018,7.67,239,30,100,79,76.49,66,88,15.8,239,0,11.3,3.43,3.77,2.22,4.74,2.09,240,0,12,0,1.15,0,0.3,3.17,240,0,97,49,49.59,1,90,39.42,240
291,276.71,296.72,282.91,290.63,286.65,286.37,283.73,288.97,4.14,240,971,1030,1013,1012.37,1006,1022,11.36,232,31,100,74.5,70.9,56.5,87,18.05,232,0,14.4,3.1,3.85,2.1,4.11,2.79,240,0,3,0,0.1,0,0,0.41,240,0,96,16.5,34.55,1,75,38.06,240
292,273.14,297.83,281.86,289.88,285.19,285.68,281.7,289.72,5.41,240,969,1033,1017,1016.58,1010,1025,10.16,235,26,100,62,63.02,53,76,16.06,235,0,13.4,3.1,3.85,2.06,5.1,2.78,240,0,0.9,0,0.05,0,0,0.18,240,0,100,16,26.12,1,40,31.45,240
293,271.43,298.93,280.44,290.98,285.04,285.27,281.47,289.3,6.02,240,974,1032,1018,1019.32,1015,1025,7.89,240,28,100,64,64.31,53,74.5,15.97,240,0,7.7,2.6,2.77,1.56,4.03,1.48,240,0,0.3,0,0,0,0,0.03,240,0,99,1,21.02,1,39,30.16,240
294,278.12,297.65,284.05,292.3,287.69,287.76,285.06,291.13,4.68,240,973,1030,1017,1016.66,1014,1023,8.45,240,24,100,66,66.04,57,77,16.16,240,0.69,7.2,3.1,3.22,2.38,4.01,1.24,240,0,3,0,0.11,0,0,0.34,240,0,93,20,36.08,1,75,37.55,240
295,278.79,297.87,284.79,293.02,288.99,288.37,284.56,291.9,4.42,240,980,1027,1017,1014.8,1011,1023,10,240,22,100,73.5,70.68,56,88,19.62,240,0,12.9,2.6,3.06,2.1,3.6,2.03,240,0,0.9,0,0.07,0,0,0.17,240,0,100,7,32.1,1,75,37.23,240
296,274.21,296.51,283.14,291.36,286.53,286.96,283.93,290.77,4.69,239,972,1030,1014,1013.53,1010,1023,12.9,237,33,100,78,74.74,59,93,19.16,237,0,7.91,3.06,3.32,2.1,4.12,1.65,239,0,0.9,0,0.09,0,0,0.18,239,0,92,20,41.6,1,90,40.83,239
297,278.35,295.46,283.28,290.67,285.98,286.47,283.72,289.4,3.84,240,968,1029,1016.5,1014.26,1011,1021,11.54,238,24,100,74,73.05,61,91,18.81,238,0,8.7,3.6,4.1,2.58,6.2,2,240,0,3,0,0.22,0,0,0.61,240,0,92,32,43.93,1,90,39.98,240
298,279.15,296.21,282.75,289.22,285.15,285.88,282.41,288.59,4.39,240,970,1028,1018,1015.22,1012,1022,11.66,239,24,100,70,68.86,59,82,16.24,239,0,10.8,3.6,3.89,2.6,5.47,2.38,240,0,3,0,0.1,0,0,0.41,240,0,100,20,35.57,1,75,36.53,240
299,277.06,295.21,282.19,288.75,285.66,285.23,282.11,287.99,4.1,240,979,1035,1019,1016.5,1010,1023,10.52,240,41,100,71,72.05,61,85.5,14.49,240,0,7.2,3.41,3.41,2.57,4.52,1.57,240,0,3,0,0.1,0,0,0.4,240,0,92,20,39.99,1,85,38.46,240
300,274.43,292.33,281.66,287.27,285.47,284.35,281.84,287.19,3.86,240,978,1040,1021,1015.41,1004,1024,14.6,238,39,100,69,71.72,58,87,16.76,238,0,10.3,3.03,3.1,2.1,4.07,1.7,240,0,3,0,0.13,0,0,0.45,240,0,90,40,43.81,0,90,39.25,240
301,277.4,291.37,281.96,287.91,285.47,284.52,281.93,286.95,3.48,240,975,1041,1018,1017.37,1010,1023,12.97,239,31,100,75,74,60,88,17.07,239,0,9.8,3.1,3.12,2.1,4.09,1.8,240,0,3,0,0.23,0,0.3,0.59,240,0,92,75,53.99,1,90,40.74,240
302,276.79,292.93,282.07,289.14,285.28,285.28,282.68,288.02,3.49,240,1000,1032,1017,1017.62,1014,1022,6.41,240,38,100,77,77.49,67,89,14.31,240,0,9.3,3.1,3.24,2.1,4.11,1.82,240,0,3,0,0.11,0,0,0.39,240,0,97,40,46.31,1,90,39.69,240
303,277.62,293.93,283.94,288.5,285.98,286.18,283.15,289.73,3.76,240,996,1032,1013,1014.81,1008,1025,9.37,239,37,100,81,78.71,71,93,14.49,239,0,9.8,3.33,3.68,2.6,4.56,1.74,240,0,3,0,0.33,0,0.3,0.81,240,0,100,75,62.3,39,90,34.22,240
304,276.2,293.37,282.05,288.86,285.77,285.23,282.33,287.84,3.84,240,966,1028,1014,1010.78,1004,1022,12.91,240,36,100,76,76.61,67,90,15.91,239,0,14.9,3.59,4.14,2.28,5.1,2.59,240,0,3,0,0.22,0,0.3,0.57,240,0,95,75,55.84,20,90,36.64,240
305,273.54,293.97,280.16,288.16,284.15,283.88,280.35,287.04,4.93,240,970,1034,1017,1015.33,1012,1022,12.21,237,32,100,80,78.19,67.5,93,17.41,237,0,19,2.86,3.68,2.1,4.6,2.84,240,0,0.9,0,0.13,0,0.3,0.26,240,0,100,20,37.86,1,90,38.97,240
306,276.4,294.01,281.61,288.61,284.05,284.68,281.63,287.28,4.54,240,998,1038,1012,1014.62,1008,1022,10.43,240,37,100,73,71.72,62,81,14.18,240,0,12.9,3.6,4.17,2.42,5.7,2.41,240,0,3,0,0.11,0,0.3,0.26,240,0,92,75,51.6,1,90,37.6,240
307,274.23,295.36,281.11,288.2,284.04,284.39,280.45,288.71,4.98,240,1001,1027,1014,1014.14,1006,1023,8.66,238,30,100,69.5,70.34,59,82,14.49,238,0,12.3,3.01,3.63,2.06,4.6,2.4,240,0,0.9,0,0.08,0,0,0.15,240,0,98,49.5,48.45,3.5,81.5,35.85,240
308,276.33,295.71,280.46,288.87,283.34,284.1,280.58,287.33,4.88,240,1001,1025,1017,1015.53,1011,1020,6.77,237,33,100,63,65.9,52,77,17.3,236,0,10.8,3.6,3.89,2.1,5.27,2.16,240,0,3,0,0.12,0,0,0.52,240,0,93,20,35.32,1,75,36.2,240
309,273.85,293.5,278.18,286.89,282,282.18,278.75,285.28,4.19,240,1006,1037,1026,1024.78,1021,1029,6.67,236,28,100,57,58.59,49,66,13.89,231,0,12.3,3.1,3.33,2.1,4.43,1.82,240,0,0.3,0,0,0,0,0.03,240,0,90,1,13.24,1,20,23.47,240
310,275.6,293.79,280.14,287.86,283.77,283.49,279.94,286.6,4.25,240,1013,1037,1025,1025.31,1022,1029,5.82,232,31,100,70,68.52,54,80,15.73,231,0,8.7,3.01,3.01,2.1,3.64,1.45,240,0,3,0,0.1,0,0,0.4,240,0,91,40,41.1,1,75,37.58,240
311,273.44,295.58,281.73,287.93,284.13,284.6,281.55,288,4.86,240,506,1034,1021,1018.69,1015,1027,34.23,235,28,100,73,72.14,57,88,19.33,234,0,8.7,2.65,3.12,2.06,4.1,1.74,240,0,3,0,0.15,0,0,0.43,240,0,92,40,43.67,1,89.5,39.07,240
312,270.35,296.66,279.42,287.58,283.05,283.25,279.33,287.23,5.47,240,1002,1033,1021,1018.82,1014,1024,7.71,237,30,100,62.5,65.11,50,79.5,19,236,0,10.79,2.63,3.05,1.54,4.22,2.08,240,0,3,0,0.06,0,0,0.25,240,0,90,1,22.95,1,40,32.12,240
313,272.34,296.72,277.35,285.93,280.17,281.16,276.9,284.98,5.4,240,981,1029,1021,1020.25,1017,1024,5.27,240,25,93,58.5,58.97,49,66,14.81,238,0,12.9,3.6,4.18,1.82,5.89,2.79,240,0,0.9,0,0.04,0,0,0.15,240,0,91,1,23.18,1,40,33.39,240
314,267.53,297.08,276.74,285.89,280.92,280.85,276.44,284.23,5.69,240,987,1032,1023,1020.85,1014,1027,7.13,233,27,100,62,62.43,48,77,17.56,231,0,8.22,2.7,3.1,1.55,4.1,2.01,240,0,3,0,0.08,0,0,0.32,240,0,100,5,32.14,1,75,37.41,240
315,271.41,296.36,278.35,286.98,282.32,282.28,278.88,285.38,5.05,240,1008,1028,1017.5,1017.59,1014,1021,4.48,236,29,100,62.5,61.44,45,77,18.63,236,0,12.34,3.6,4.11,2.1,5.68,2.67,240,0,3,0,0.13,0,0,0.42,240,0,95,1,30.06,1,75,36.75,240
316,268.34,293.87,278.67,286.26,282.44,281.96,278.7,285.6,5.71,240,982,1035,1020,1019.54,1015,1026,7.85,234,24,98,61,62.26,45,80,19.62,226,0,11.82,3.1,3.57,2.05,4.63,2.52,240,0,3,0,0.08,0,0,0.31,240,0,90,1,29.58,1,75,38.23,240
317,270.47,291.83,277.71,286.49,283.36,282.03,277,286.44,5.86,240,1002,1033,1015,1018.75,1013,1027,7.95,236,31,100,76,69.53,50.5,87,20.35,236,0,11.3,2.6,3.35,1.56,4.11,2.56,240,0,3,0,0.13,0,0.3,0.29,240,0,92,31,41.8,1,90,41.39,240
318,267.12,291.42,276.8,283.99,280.49,279.77,276.19,282.7,5.38,240,990,1032,1019,1018.89,1014,1026,8.67,236,19,100,64,64.24,52.5,78,19.08,236,0,11.3,3.1,3.77,2.03,5.39,2.64,240,0,3,0,0.13,0,0,0.49,240,0,95,20,36.87,1,90,39.37,240
319,267.42,289.61,275.52,282.7,278.81,278.66,275.69,281.52,4.63,220,987,1034,1021,1020.36,1016,1026,8.02,218,17,100,53,57.44,39,76,21.27,217,0,12.3,4.04,4.27,2.79,5.1,2.16,220,0,0.9,0,0.12,0,0,0.27,220,0,95,1,32,1,75,36.8,220
320,271.19,289.1,274.52,283.02,277.76,278.24,274.57,281.55,4.39,216,986,1036,1024,1023.53,1021.5,1026,7.25,212,18,100,56,59.12,44,76,20.19,212,0,8.7,3.46,3.47,2.6,4.1,1.54,216,0,3,0,0.15,0,0,0.52,216,0,90,1.5,31.11,0,75,37.31,216
321,271.16,291.43,276.39,284.72,279.92,280.09,276.59,283.05,4.68,216,986,1032,1014,1015.48,1008,1024,10.62,215,13,100,65,64.11,49,81,19.45,215,0,13.9,3.55,4.26,2.62,5.55,2.55,216,0,3,0,0.13,0,0,0.41,216,0,95,20,39.26,1,75,37.71,216
322,270.75,288.94,276.41,283.63,279.72,279.67,277.45,281.48,3.73,216,986,1035,1017,1018.9,1013,1025,8.17,215,23,100,61,66.19,52,81,20.16,214,0,11.8,3.6,4.36,2.6,5.7,2.48,216,0,3,0,0.2,0,0,0.62,216,0,100,20,41.81,1,90,40.76,216
323,270.32,291.84,275.1,284.06,277.37,278.84,275.44,282.42,5.41,216,998,1037,1019,1019.51,1010.5,1030,11.07,216,23,100,70,70.53,56,87,19.47,216,0,11.3,3.6,4.2,2.6,5.71,2.19,216,0,0.9,0,0.04,0,0,0.13,216,0,91,20,40.59,1,90,40.82,216
324,268.29,289.88,276.37,283.82,279.91,279.54,276.95,283.07,5.55,216,989,1039,1019,1018.9,1009,1030.5,13.14,216,24,100,71,70,55,85,18.66,214,0,17.5,3.61,4.88,2.41,6.7,3.34,216,0,3,0,0.11,0,0,0.3,216,0,91,24,41.72,1,90,41.55,216
325,271.85,289.68,276.22,283.36,278.97,279.33,276.52,280.4,3.99,216,995,1036,1014.5,1015.68,1011,1024,10.52,216,23,100,64,64.69,53,77,16.2,215,0,10.8,4.6,4.46,2.66,5.7,2.12,216,0,3,0,0.21,0,0,0.64,216,0,90,30.5,41.46,1,90,39.02,216
326,270.28,290.16,274.76,282.68,277.13,278.22,275,281.93,4.55,216,995,1029,1020,1017.01,1016,1024,9.23,216,32,100,60,62.43,49,75.5,16.65,213,0,9.8,3.6,3.81,2.6,5.1,1.85,216,0,0.9,0,0.02,0,0,0.1,216,0,90,1,24.54,1,40,33.06,216
327,265.71,286.35,275.99,282.4,280.48,278.68,275.86,282.43,5.05,216,979,1034,1018,1016.67,1012,1027.5,13.02,216,27,100,65,63.12,46.5,76,17.52,213,0,12.3,3.75,4.26,2.66,5.7,2.31,216,0,3,0,0.08,0,0,0.26,216,0,90,40,41.63,1,90,40.53,216
328,262.4,287.85,273.49,281.73,277.51,277.34,274.88,280.03,5.26,216,976,1038,1019,1016.5,1015,1024,15,214,23,100,56,58.99,47,68,18.59,214,0,10.8,3.6,3.87,2.64,5.02,2.29,216,0,0.9,0,0.04,0,0,0.14,216,0,90,1,21.29,1,40,32.08,216
329,267.15,290.17,273.45,281.72,277.56,277.12,272.95,280.02,5.35,216,978,1031,1018,1013.99,1007,1025,13.8,213,22,100,64.5,65.7,48.5,85,19.69,212,0,12.9,2.62,3.32,2.01,4.1,2.44,216,0,3,0,0.29,0,0,0.77,216,0,97,15,37.73,1,90,40.08,216
330,266.45,288.71,275.67,283.92,279.2,279.23,276.65,283.13,4.91,216,991,1042,1012,1015.74,1007,1025,12.47,215,31,100,64,65.14,53,81,16.45,215,0.86,12.3,3.1,3.7,2.1,4.79,2.17,216,0,3,0,0.15,0,0,0.58,216,0,92,22,38.56,1,90,38.67,216
331,272.94,290.43,276.36,284,279.67,279.67,275.77,282.36,4.25,216,510,1044,1017,1016.81,1013,1022,36.09,214,31,100,68,67.88,50,84,18.99,214,0.76,10.3,3.1,3.56,2.1,4.6,1.96,216,0,3,0,0.25,0,0,0.74,216,0,100,40,46.65,1,90,40.09,216
332,274.6,290.43,276.73,284.61,279.43,280.16,276.47,282.6,4.14,216,959,1039,1015,1013.51,1010,1019,11.67,214,29,100,80,72.89,55,89,19.98,213,0,12.34,3.6,4.12,2.26,5.54,2.54,216,0,3,0,0.27,0,0.3,0.65,216,0,96,40,43.94,1,90,38.54,216
333,271.61,287.87,275.37,282.04,277.49,278.53,274.66,282.65,4.44,216,979,1031,1020,1015.77,1009,1023,10.46,216,31,100,61,63.99,52,76,16.09,209,0,13.9,3.6,4.76,2.26,6.7,3.43,216,0,3,0,0.07,0,0,0.26,216,0,90,21,39.04,1,78.5,39.15,216
334,267.43,290.5,275.02,281.66,277.62,277.99,275.23,280.52,4.49,216,988,1038,1022,1020.61,1018,1024,8.01,214,22,100,63,65.01,51,81,18.43,212,0,12.9,3.1,4.21,2.1,6.2,2.69,216,0,12,0,0.2,0,0,0.97,216,0,90,20,36.85,1,75,37.24,216
335,266.91,290.38,274.13,281.54,276.93,277.69,274.24,281.84,5.09,216,995,1042,1020,1021.13,1016,1026,9.29,215,26,100,62,66.21,55,80,16.84,214,0,13.9,3.61,3.73,2.6,4.6,1.71,216,0,3,0,0.14,0,0,0.51,216,0,90,32,39.01,1,75,36.8,216
336,270.45,290.56,276.44,282.88,279.93,279.44,275.89,283.26,4.51,216,994,1033,1019,1016.83,1012.5,1023.5,9.75,216,36,100,75,73.07,59,87,16.71,213,0,10.8,3.2,3.61,2.1,4.6,2.08,216,0,3,0,0.19,0,0,0.53,216,0,95,75,54.54,20,90,36.44,216
337,272.53,285.01,275.58,280.84,277.5,277.86,275.62,279.94,2.82,216,506,1036,1014,1013.89,1010,1025,36.42,213,42,100,75,75.3,63.5,90,15.67,212,0,13.9,3.6,4.12,2.57,5.1,2.38,216,0,12,0,0.34,0,0.3,0.98,216,0,100,90,62.56,20,90,39.67,216
338,271.7,285.44,276.85,282.27,279.83,279.28,276.09,282.3,3.69,216,999,1032,1016,1014.69,1005,1022,9.23,216,31,100,80,75.25,59.5,92.5,18.28,216,0,12.9,3.6,4.09,2.1,5.41,2.52,216,0,3,0,0.14,0,0.15,0.32,216,0,95,75,51.95,1,90,38.53,216
339,272.01,289.41,275.47,282.45,278.29,278.47,275.9,280.99,3.46,216,999,1032,1020,1019.02,1015,1024,8.37,216,33,100,65,67.28,56,80.5,16.94,216,0,9.3,3.1,3.6,2.1,4.64,2.06,216,0,12,0,0.13,0,0,1.15,216,0,90,22.5,39.86,1,75,37.06,216
340,268.74,288.49,275.63,282.59,279.14,278.73,275.14,281.52,4.32,216,1000,1040,1019,1020.45,1015,1028.5,10.33,216,36,100,81,74.97,65,87,15.57,215,0,10.8,3.1,3.57,2.16,4.23,2.05,216,0,3,0,0.13,0,0.3,0.3,216,0,92,44,46.5,1,90,37.93,216
341,269.96,287.14,275.15,282.42,278.98,278.79,275.27,282.51,4.46,216,1006,1038,1018,1018.44,1014,1021,7.18,216,33,100,73,71.71,53,92,20.07,214,0.51,10.3,3.1,3.96,2.1,5.7,2.21,216,0,3,0,0.33,0,0.3,0.77,216,0,92,38,38.82,1,75,37.8,216
342,271.12,285.65,273.62,279.71,276.05,276.17,274.83,277.16,2.42,216,990,1034,1021,1019.81,1015,1026,7.67,215,30,100,60,63.55,48,80,18.87,215,0,9.3,3.6,4.13,2.6,5.7,2.01,216,0,3,0,0.19,0,0,0.43,216,0,92,1,28.91,1,75,36.76,216
343,265.96,281.29,271.1,277.08,273.75,273.88,271.65,276.6,3.28,216,995,1037,1019,1020.91,1015,1032,11.47,216,35,100,63,65.69,51,80,16.87,215,0,8.22,3.1,3.23,2.1,4.61,1.8,216,0,0.9,0,0.02,0,0,0.09,216,0,92,5.5,33.52,1,75,38.17,216
344,268.6,283.33,273.28,279.04,275.08,275.74,273.23,277.79,3.44,216,986,1035,1015.5,1017.04,1013,1022,8.72,216,34,100,86,77.05,57.5,93,19.38,216,0.36,10.3,3.1,3.66,2.1,5.1,2.07,216,0,3,0,0.32,0,0.3,0.72,216,0,100,75,57.48,1,90,39.08,216
345,268.48,287.88,274.82,280,276.38,277.34,273.65,281.62,4.97,216,1002,1030,1014,1014.66,1009,1020,7.3,216,42,100,80,76.08,63,90,16.56,216,0,8.7,3.6,3.79,2.6,5.1,1.7,216,0,3,0,0.14,0,0.3,0.31,216,0,92,75,53.66,20,90,38.3,216
346,268.03,287.93,273.12,280.11,274.72,275.84,272.78,279.25,4.84,216,979,1036,1018,1017.39,1013,1023,8.92,216,42,100,76.5,74.9,59,92,17.29,216,0,10.28,2.66,3.19,2.08,4.59,1.9,216,0,0.9,0,0.08,0,0,0.2,216,0,92,42.5,46.8,1,90,38.31,216
347,267.14,290.29,273.83,279.88,275.68,276.64,272.27,280.47,5.39,216,506,1042,1016,1013.86,1011,1021,36.73,212,31,100,75.5,73.62,58,87,17.27,212,0,8.22,2.66,3.03,1.8,3.75,1.66,216,0,0.9,0,0.08,0,0,0.2,216,0,92,40,45.82,1,90,37.28,216
348,265.65,291.21,273.21,281.15,275.09,276.54,272.78,279.47,5.78,216,983,1040,1019.5,1015.97,1013,1025,13.36,214,32,100,68,68.71,55,85,16.74,214,0,15.4,2.66,3.53,2.1,4.1,2.5,216,0,0.9,0,0.04,0,0,0.15,216,0,92,37.5,39.54,1,75,37.71,216
349,266.74,288.36,274.26,280.07,276.19,276.85,273.29,281.25,5.3,216,987,1033,1014,1012.87,1004,1019,12.67,215,32,100,79,75.67,65,89,16.52,212,0,11.8,2.66,3.22,2.1,3.6,2.06,216,0,3,0,0.14,0,0,0.45,216,0,100,75,51.38,1,90,40.25,216
350,263.87,290.28,272.99,279.51,275.18,276.19,272.08,280.84,6.34,216,965,1028,1015,1010.01,1003,1021,16.17,216,24,96,68,68.11,51,88,19.78,215,0,13.9,3.6,4.26,2.1,5.98,2.99,216,0,3,0,0.12,0,0,0.36,216,0,91,1,34.79,1,75,39.51,216
351,263.65,286.04,271.33,277.95,273.85,274.15,270.31,277.6,5.2,216,971,1032,1019.5,1017.56,1015,1024,12.47,216,34,96,61,63.72,48,79,17.45,215,0,11.8,3.09,3.76,2.1,4.6,2.56,216,0,3,0,0.16,0,0,0.58,216,0,90,20,39.49,1,89.5,39.64,216
352,265.99,286.28,273.34,277.34,274.17,275.09,270.62,279.12,5,216,1004,1030,1016,1015.72,1010,1021,6.6,216,41,100,85,79.28,68,91,14.74,215,0,12.3,3.08,3.76,2.11,5.1,2.29,216,0,3,0,0.28,0,0.3,0.43,216,0,92,90,69.68,75,90,34.38,216
353,266.8,286.08,273.11,278.84,275.37,275.46,273.14,278.49,4.53,216,1004,1026,1013,1013.62,1010,1016.5,5.47,216,40,100,75,74.42,63,90,16.45,216,0.51,14.9,3.6,4.2,2.56,4.95,2.66,216,0,0.9,0,0.11,0,0.3,0.22,216,0,91,75,56.56,3.5,90,38.82,216
354,263.39,285.36,270.85,278.55,274.44,274.12,269.57,278.8,5.66,216,980,1041,1018,1018.44,1013,1027,10.72,216,29,100,65.5,64.25,51,75.5,16.82,216,0,11.3,3.39,3.94,2.6,5.1,2.15,216,0,3,0,0.06,0,0,0.23,216,0,90,11,29.04,1,75,34.3,216
355,263.39,283.7,271.66,278.09,274.73,274.52,271.14,278.73,4.89,216,509,1040,1021,1018.67,1015,1029,36.26,215,33,100,65,65.62,52,80,17.8,212,0,9.8,2.8,3.48,2.05,4.9,2.07,216,0,0.9,0,0.04,0,0,0.11,216,0,90,19,30.89,1,75,35.36,216
356,266.1,288.55,272.98,280.19,275.08,276.32,272.72,280.07,5.38,216,977,1038,1020,1019.04,1014,1025,10.6,216,40,100,73,73.25,58,90,17.53,215,0,10.8,2.66,3.12,1.89,4.1,1.88,216,0,3,0,0.18,0,0,0.59,216,0,92,16,37.63,1,90,40.44,216
357,267.79,292.56,276.04,283.62,278.98,279.18,274.8,283.58,5.57,216,985,1033,1015,1013.39,1007,1024,12.28,216,39,100,74.5,74.08,60,89,16.71,214,0.51,15.4,3.1,3.94,2.22,4.29,2.79,216,0,3,0,0.11,0,0,0.29,216,0,97,75,62.09,40,90,35.12,216
358,272.33,289.92,276.43,282.42,278.66,279.39,276.02,281.89,4.1,216,978,1031,1019,1016.96,1014,1022,9.11,216,25,100,68,71.78,52,96,22.06,216,0.51,11.8,3.15,3.8,2.6,4.6,2.16,216,0,3,0,0.27,0,0.3,0.61,216,0,100,75,53.36,1,90,38.84,216
359,273.35,293.41,276.91,283.31,277.6,279.57,276.21,281.11,4.81,216,983,1030,1018,1017.22,1014,1020.5,5.82,216,33,100,72.5,71.99,55,87.5,19.2,216,0.51,11.8,3.47,3.78,2.59,4.6,1.92,216,0,3,0,0.39,0,0.3,0.84,216,0,95,75,51.47,1,90,39.92,216
360,265.18,289.54,273.95,281.39,276.6,278.06,274.03,283.9,6.26,216,994,1036,1020,1016.99,1009,1024,10.03,214,35,100,68,71.24,54.5,90,19.52,213,0,14.9,3.6,4.02,2.1,5.13,2.6,216,0,3,0,0.16,0,0.15,0.36,216,0,99,40,46.19,1,90,38.84,216
361,268.21,286.98,272.58,277.98,274.24,274.87,271.52,277.24,4.36,216,994,1041,1024,1024.16,1020,1030,8.32,213,35,100,67,67.16,52,81,17.69,210,0,9.3,3.53,3.77,2.6,5.1,1.76,216,0,3,0,0.05,0,0,0.23,216,0,90,20,40.69,1,90,39.49,216
362,265.07,288.29,273.33,279.72,276.44,276.24,271.43,280.59,5.82,216,989,1036,1024,1023.17,1020,1029,7.95,214,34,100,68,68.46,57,81,15.94,210,0,9.8,3.1,3.36,2.36,4.54,1.6,216,0,12,0,0.1,0,0,0.82,216,0,99,20,39.62,1,90,41.22,216
363,261.61,287.82,273.67,281.39,277.07,276.58,274.9,280.17,5.55,216,986,1036,1021,1019.29,1015,1026,10.16,216,28,100,69,68.98,56,81,16.61,215,0.51,12.3,3.6,4.26,2.64,5.6,2.3,216,0,3,0,0.16,0,0.3,0.42,216,0,92,73,49.93,1,90,38.86,216
364,261.07,287.36,272.76,278.71,276,275.35,273.29,278.23,5.53,216,996,1034,1019,1018.55,1015,1023,7.24,215,32,100,68,70.35,59,83,16.97,214,0.51,11.8,3.77,4.26,2.66,5.1,2.21,216,0,3,0,0.2,0,0,0.54,216,0,95,40,46.81,1,90,36.86,216
365,262.86,280.25,271.78,276.3,274.88,273.9,272.03,276.84,3.94,216,998,1035,1020,1017.63,1010,1024,9.5,215,32,100,80,75.21,61,87,16.06,207,0,11.8,2.67,3.47,2,4.6,2.22,216,0,0.9,0,0.12,0,0.3,0.23,216,0,100,65,47.85,1,90,39.41,216
366,261.69,281.08,271.18,275.98,273.68,273.42,270.03,278.28,5.07,216,982,1029,1019,1017.2,1014,1023,7.98,214,33,100,75,73.13,60,86,15.84,210,0.51,11.3,3.6,4.13,2.59,5.62,2.28,216,0,3,0,0.12,0,0,0.36,216,0,91,40,45.79,1,90,37.96,216
